text,lang,orig_index
"<s>[INST] Can the National Assembly discuss or vote on the authenticated schedule of authorized expenditure? [/INST] No, the authenticated schedule of authorized expenditure shall be laid before the National Assembly but shall not be open to discussion or vote. </s>",eng,166
<s>[INST] کیا قومی اسمبلی منظور شدہ مصارف کی توثیق شدہ جدول پر بحث یا رائے شماری کر سکتی ہے؟ [/INST] نہیں، منظور شدہ مصارف کی توثیق شدہ جدول کو قومی اسمبلی میں پیش کیا جائے گا لیکن اس پر بحث یا رائے شماری نہیں ہوگی۔ </s>,urdu,166
"<s>[INST] What happens if no candidate secures a majority in the first poll for Prime Minister? [/INST] If no candidate secures a majority in the first poll, a second poll is held between the candidates who secured the two highest numbers of votes in the first poll, and the candidate who secures a majority of votes in the second poll is declared elected as Prime Minister. </s>",eng,183
<s>[INST] اگر کسی امیدوار کو پہلی رائے شماری میں اکثریت حاصل نہ ہو تو کیا ہوتا ہے؟ [/INST] اگر کسی امیدوار کو پہلی رائے شماری میں اکثریت حاصل نہ ہو تو، پہلی رائے شماری میں سب سے زیادہ ووٹ حاصل کرنے والے پہلے دو امیدواروں کے درمیان دوسری رائے شماری کا انعقاد کیا جائے گا اور جو امیدوار دوسری رائے شماری میں اکثریت رائے دہی حاصل کر لے گا اسے وزیراعظم منتخب قرار دیا جائے گا۔ </s>,urdu,183
"<s>[INST] Can the state make special rules for women and children? [/INST] Yes, the state can make special provisions for the protection of women and children. </s>",eng,47
<s>[INST] کیا مملکت عورتوں اور بچوں کے لیے خاص قوانین بنا سکتی ہے؟ [/INST] جی ہاں، مملکت عورتوں اور بچوں کے تحفظ کے لیے خاص اہتمام کر سکتی ہے۔ </s>,urdu,47
<s>[INST] Who is responsible for presenting the budget to the Provincial Assembly each year? [/INST] The Provincial Government is responsible for presenting the budget to the Provincial Assembly each year. </s>,eng,236
<s>[INST] ہر سال صوبائی اسمبلی کے سامنے بجٹ پیش کرنے کی ذمہ داری کس کی ہے؟ [/INST] ہر سال صوبائی اسمبلی کے سامنے بجٹ پیش کرنے کی ذمہ داری صوبائی حکومت کی ہے۔ </s>,urdu,236
"<s>[INST] How are the seats reserved for women in the National Assembly allocated? [/INST] The seats reserved for women are allocated to each province based on the total number of general seats secured by each political party from the respective province in the National Assembly, and members are elected through a proportional representation system of political parties' lists of candidates. </s>",eng,95
<s>[INST] قومی اسمبلی میں خواتین کے لیے مخصوص نشستیں کیسے مختص کی جاتی ہیں؟ [/INST] خواتین کے لیے مخصوص نشستیں ہر صوبے کے لیے قومی اسمبلی میں متعلقہ صوبے سے ہر ایک سیاسی جماعت کی طرف سے حاصل کردہ عام نشستوں کی کل تعداد کی بنیاد پر متناسب نمائندگی کے نظام کے ذریعے سیاسی جماعتوں کی امیدواروں کی فہرست سے منتخب کی جاتی ہیں۔ </s>,urdu,95
<s>[INST] How does the State plan to promote the understanding of life according to Islamic teachings? [/INST] The State plans to provide facilities to enable Muslims to understand the meaning of life according to the Holy Quran and Sunnah. </s>,eng,60
<s>[INST] ریاست اسلامی تعلیمات کے مطابق زندگی کے مفہوم کو فروغ دینے کا کیا منصوبہ رکھتی ہے؟ [/INST] ریاست مسلمانوں کو قرآن پاک اور سنت کے مطابق زندگی کا مفہوم سمجھنے کے قابل بنانے کے لیے سہولتیں فراہم کرنے کا منصوبہ رکھتی ہے۔ </s>,urdu,60
"<s>[INST] How are the rights, liabilities, and obligations of the Federal Government and Provincial Governments affected by the commencing day? [/INST] The rights, liabilities, and obligations of the Federal Government and Provincial Governments will continue to be their respective responsibilities, except for those that change responsibility under the Constitution, which will devolve upon the appropriate government. </s>",eng,606
<s>[INST] یوم آغاز سے وفاقی حکومت اور صوبائی حکومتوں کے حقوق، ذمہ داریاں اور وجوب کیسے متاثر ہوتے ہیں؟ [/INST] وفاقی حکومت اور صوبائی حکومتوں کے حقوق، ذمہ داریاں اور وجوب بالترتیب ان کی ذمہ داری رہیں گے، سوائے ان کے جو دستور کے تحت ذمہ داری تبدیل ہو جائیں، جو متعلقہ حکومت کو منتقل ہو جائیں گے۔ </s>,urdu,606
"<s>[INST] What responsibilities are to be devolved to the elected representatives of local governments? [/INST] Political, administrative, and financial responsibilities and authority are to be devolved to the elected representatives of local governments. </s>",eng,271
<s>[INST] مقامی حکومتوں کے منتخب نمائندوں کو کون سی ذمہ داریاں منتقل کی جائیں گی؟ [/INST] سیاسی، انتظامی اور مالیاتی ذمہ داریاں اور اختیار مقامی حکومتوں کے منتخب نمائندوں کو منتقل کی جائیں گی۔ </s>,urdu,271
"<s>[INST] Can Pakistani citizens live and travel anywhere within the country? [/INST] Yes, Pakistani citizens have the right to live and travel anywhere within the country, subject to any reasonable restrictions imposed by law in the public interest. </s>",eng,28
<s>[INST] کیا پاکستانی شہری ملک کے کسی بھی حصے میں رہ سکتے ہیں اور سفر کر سکتے ہیں؟ [/INST] جی ہاں، پاکستانی شہریوں کو ملک کے کسی بھی حصے میں رہنے اور سفر کرنے کا حق حاصل ہے، بشرطیکہ مفاد عامہ کے پیش نظر قانون کے ذریعہ عائد کردہ کسی معقول پابندی کے تابع ہوں۔ </s>,urdu,28
<s>[INST] Where is the principal seat of the High Court for Islamabad Capital Territory? [/INST] The principal seat of the High Court for Islamabad Capital Territory is at Islamabad. </s>,eng,393
<s>[INST] اسلام آباد کیپیٹل ٹیریٹری کے لئے ہائی کورٹ کا صدر مقام کہاں ہے؟ [/INST] اسلام آباد کیپیٹل ٹیریٹری کے لئے ہائی کورٹ کا صدر مقام اسلام آباد میں ہے۔ </s>,urdu,393
"<s>[INST] What happens if the Speaker of the National Assembly is unable to perform his duties? [/INST] If the Speaker is unable to perform his duties, the Deputy Speaker shall act as Speaker. If the Deputy Speaker is also unable to act as Speaker, a member determined by the rules of procedure of the Assembly shall preside at the meeting. </s>",eng,97
<s>[INST] اگر قومی اسمبلی کا اسپیکر اپنے فرائض انجام دینے سے قاصر ہو تو کیا ہوتا ہے؟ [/INST] اگر اسپیکر اپنے فرائض انجام دینے سے قاصر ہو تو ڈپٹی اسپیکر بطور اسپیکر کام کرے گا۔ اگر ڈپٹی اسپیکر بھی بطور اسپیکر کام کرنے سے قاصر ہو تو ایسا رکن جس کا اسمبلی کے قواعد طریق کار کے رو سے تعین کیا جائے، اسمبلی کے اجلاس کی صدارت کرے گا۔ </s>,urdu,97
"<s>[INST] Can the Provincial Assembly discuss or vote on the authenticated schedule of authorized expenditure? [/INST] No, the authenticated schedule of authorized expenditure shall be laid before the Provincial Assembly but shall not be open to discussion or vote. </s>",eng,241
<s>[INST] کیا صوبائی اسمبلی منظور شدہ خرچ کی توثیق شدہ جدول پر بحث یا رائے شماری کر سکتی ہے؟ [/INST] نہیں، منظور شدہ خرچ کی توثیق شدہ جدول کو صوبائی اسمبلی میں پیش کیا جائے گا لیکن اس پر بحث یا رائے شماری کی اجازت نہ ہوگی۔ </s>,urdu,241
<s>[INST] What does the State aim to do with other Muslim countries? [/INST] The State aims to preserve and strengthen fraternal relations among Muslim countries based on Islamic unity. </s>,eng,72
<s>[INST] مملکت دیگر مسلم ممالک کے ساتھ کیا کرنے کا ارادہ رکھتی ہے؟ [/INST] مملکت اسلامی اتحاد کی بنیاد پر مسلم ممالک کے مابین برادرانہ تعلقات کو برقرار رکھنے اور مستحکم کرنے کا ارادہ رکھتی ہے۔ </s>,urdu,72
<s>[INST] Who can impose conditions on loans made to a province? [/INST] The Federal Government can impose conditions on loans made to a province. </s>,eng,328
<s>[INST] صوبے کو دیے گئے قرضوں پر شرائط کون عائد کر سکتا ہے؟ [/INST] وفاقی حکومت صوبے کو دیے گئے قرضوں پر شرائط عائد کر سکتی ہے۔ </s>,urdu,328
<s>[INST] In what language should a person ideally take an oath under the Constitution? [/INST] An oath should preferably be made in Urdu or a language that is understood by the person. </s>,eng,549
<s>[INST] دستور کے تحت کسی شخص کو حلف کس زبان میں لینا چاہیے؟ [/INST] حلف ترجیحاً اردو میں یا اس زبان میں لیا جانا چاہیے جو وہ شخص سمجھتا ہو۔ </s>,urdu,549
"<s>[INST] Can members of Parliament discuss the actions of Supreme Court or High Court judges while they are performing their duties? [/INST] No, members of Parliament cannot discuss the conduct of any Judge of the Supreme Court or of a High Court in the discharge of their duties. </s>",eng,135
<s>[INST] کیا پارلیمنٹ کے اراکین عدالت عظمیٰ یا عدالت عالیہ کے ججوں کے اپنے فرائض کی انجام دہی کے دوران کیے گئے اقدامات پر بحث کر سکتے ہیں؟ [/INST] نہیں، پارلیمنٹ کے اراکین عدالت عظمیٰ یا عدالت عالیہ کے کسی جج کے اپنے فرائض کی انجام دہی میں رویے پر بحث نہیں کر سکتے۔ </s>,urdu,135
<s>[INST] Who is responsible for appointing the Chief Justice of Pakistan? [/INST] The President shall appoint the most senior Judge of the Supreme Court as the Chief Justice of Pakistan. </s>,eng,347
<s>[INST] پاکستان کے چیف جسٹس کا تقرر کون کرتا ہے؟ [/INST] صدر عدالت عظمیٰ کے مقدم ترین جج کا تقرر پاکستان کے چیف جسٹس کے طور پر کرے گا۔ </s>,urdu,347
"<s>[INST] Can the Federal Government impose conditions on the content broadcasted by a Provincial Government? [/INST] No, the Federal Government cannot impose any conditions regulating the matter broadcast or telecast by, or by authority of, the Provincial Government. </s>",eng,307
<s>[INST] کیا وفاقی حکومت صوبائی حکومت کی نشر کردہ مواد پر شرائط عائد کر سکتی ہے؟ [/INST] نہیں، وفاقی حکومت صوبائی حکومت کی طرف سے یا اس کے حکم سے نشر کردہ مواد کو منضبط کرنے والی کوئی شرائط عائد نہیں کر سکتی۔ </s>,urdu,307
"<s>[INST] Is it possible to make rules or issue orders related to the Constitution before its commencement? [/INST] Yes, the power to make rules or issue orders with respect to the enforcement of any provision of the Constitution, or the establishment of any court or office, or the appointment of any Judge or officer, may be exercised at any time between the enactment of the Constitution and its commencement. </s>",eng,569
<s>[INST] کیا دستور کے آغاز سے پہلے اس سے متعلق قواعد بنانے یا احکام صادر کرنے ممکن ہیں؟ [/INST] جی ہاں، دستور کے کسی حکم کے نفاذ، یا کسی عدالت یا دفتر کے قیام، یا کسی جج یا افسر کے تقرر کے متعلق قواعد بنانے یا احکام صادر کرنے کا اختیار دستور کے وضع ہونے اور اس کے آغاز نفاذ کے درمیان کسی بھی وقت استعمال کیا جاسکتا ہے۔ </s>,urdu,569
<s>[INST] Who is the head of the National Economic Council? [/INST] The Prime Minister is the Chairman of the National Economic Council. </s>,eng,302
<s>[INST] قومی اقتصادی کونسل کا سربراہ کون ہے؟ [/INST] وزیر اعظم قومی اقتصادی کونسل کا چیئرمین ہے۔ </s>,urdu,302
"<s>[INST] Who receives remuneration that is charged upon the Federal Consolidated Fund? [/INST] The remuneration charged upon the Federal Consolidated Fund is payable to the President, Judges of the Supreme Court and the Islamabad High Court, the Chief Election Commissioner, the Chairman and Deputy Chairman, the Speaker and Deputy Speaker of the National Assembly, and the Auditor-General. </s>",eng,161
<s>[INST] وفاقی مجموعی فنڈ پر واجب الادا مشاہرہ کس کو ملتا ہے؟ [/INST] وفاقی مجموعی فنڈ پر واجب الادا مشاہرہ صدر، عدالت عظمیٰ اور عدالت عالیہ اسلام آباد کے جج صاحبان، چیف الیکشن کمشنر، چیئرمین اور ڈپٹی چیئرمین، قومی اسمبلی کے اسپیکر اور ڈپٹی اسپیکر، اور محاسب اعلیٰ کو ملتا ہے۔ </s>,urdu,161
"<s>[INST] Are there any exceptions to the rule that no court or tribunal can exercise power over matters within the jurisdiction of the Court? [/INST] Yes, the exception is provided in Article 203F. </s>",eng,426
<s>[INST] کیا کوئی استثنیٰ ہے کہ کوئی عدالت یا ٹربیونل عدالت کے دائرہ اختیار میں معاملات پر اختیار استعمال نہیں کر سکتا؟ [/INST] جی ہاں، استثنیٰ دفعہ ۳۰۲۔ ﻑ میں فراہم کیا گیا ہے۔ </s>,urdu,426
"<s>[INST] Who regulates the management of the Federal Consolidated Fund and the Public Account of the Federation? [/INST] The management of the Federal Consolidated Fund and the Public Account of the Federation is regulated by an Act of Majlis-e-Shoora (Parliament) or, until such provision is made, by rules made by the President. </s>",eng,157
<s>[INST] وفاقی مجموعی فنڈ اور وفاق کے سرکاری حساب کے انتظام کو کون منضبط کرتا ہے؟ [/INST] وفاقی مجموعی فنڈ اور وفاق کے سرکاری حساب کے انتظام کو مجلس شوریٰ (پارلیمنٹ) کے ایکٹ کے ذریعے یا، اس بارے میں اس طرح احکام وضع ہونے تک، صدر کے وضع کردہ قواعد کے بموجب منضبط کیا جاتا ہے۔ </s>,urdu,157
<s>[INST] When must a general election be held if the National Assembly completes its term? [/INST] A general election to the National Assembly must be held within a period of sixty days immediately following the day on which the term of the Assembly is due to expire. </s>,eng,482
<s>[INST] اگر قومی اسمبلی اپنی مدت پوری کر لے تو عام انتخابات کب کرائے جائیں گے؟ [/INST] قومی اسمبلی کے عام انتخابات اس دن سے فوراً بعد ساٹھ دن کے اندر کرائے جائیں گے جس دن اسمبلی کی میعاد ختم ہونے والی ہو۔ </s>,urdu,482
"<s>[INST] Who will be given special representation in local Government institutions? [/INST] Special representation will be given to peasants, workers, and women. </s>",eng,61
<s>[INST] بلدیاتی اداروں میں کسے خصوصی نمائندگی دی جائے گی؟ [/INST] کسانوں، مزدوروں اور عورتوں کو خصوصی نمائندگی دی جائے گی۔ </s>,urdu,61
"<s>[INST] What must the Auditor-General do before starting their duties? [/INST] Before starting their duties, the Auditor-General must take an oath before the Chief Justice of Pakistan. </s>",eng,331
<s>[INST] محاسب اعلیٰ کو اپنی ذمہ داریاں شروع کرنے سے پہلے کیا کرنا ہوگا؟ [/INST] اپنی ذمہ داریاں شروع کرنے سے پہلے، محاسب اعلیٰ کو پاکستان کے چیف جسٹس کے سامنے حلف اٹھانا ہوگا۔ </s>,urdu,331
"<s>[INST] What happens if less than one-fourth of the total membership is present during a National Assembly meeting? [/INST] If less than one-fourth of the total membership is present, the person presiding must either adjourn the Assembly or suspend the meeting until at least one-fourth of the members are present. </s>",eng,104
<s>[INST] اگر قومی اسمبلی کے اجلاس کے دوران کل رکنیت کے ایک چوتھائی سے کم ارکان حاضر ہوں تو کیا ہوتا ہے؟ [/INST] اگر کل رکنیت کے ایک چوتھائی سے کم ارکان حاضر ہوں تو صدارت کرنے والا شخص یا تو اسمبلی کو ملتوی کر دے گا یا اجلاس کو اس وقت تک کے لیے معطل کر دے گا جب تک کہ کم سے کم ایک چوتھائی ارکان حاضر نہ ہو جائیں۔ </s>,urdu,104
"<s>[INST] What is required for a person to sit or vote in the National Assembly? [/INST] A person must make the oath prescribed by Article 65 to sit or vote in the National Assembly, and if they fail to do so within twenty-one days from the first meeting of the Assembly without the Speaker's leave, their seat will become vacant. </s>",eng,598
<s>[INST] قومی اسمبلی میں بیٹھنے یا ووٹ دینے کے لیے کسی شخص کے لیے کیا ضروری ہے؟ [/INST] قومی اسمبلی میں بیٹھنے یا ووٹ دینے کے لیے کسی شخص کو آرٹیکل ۶۵ کے تحت مقررہ حلف اٹھانا ضروری ہے، اور اگر وہ اسمبلی کے پہلے اجلاس کے دن سے اکیس دن کے اندر حلف اٹھانے میں ناکام رہے اور اسپیکر کی اجازت نہ ہو، تو اس کی نشست خالی ہوجائے گی۔ </s>,urdu,598
"<s>[INST] What occurs if a bill is not passed within ninety days in the House it was transmitted to? [/INST] If a bill is not passed within ninety days in the House it was transmitted to, it shall be considered in a joint sitting at the request of the House in which it originated, and if passed by the majority of members present and voting, it shall be presented to the President for assent. </s>",eng,140
<s>[INST] اگر کسی ایوان میں ارسال کردہ بل نوے دن کے اندر منظور نہ ہو تو کیا ہوتا ہے؟ [/INST] اگر کسی ایوان میں ارسال کردہ بل نوے دن کے اندر منظور نہ ہو تو، اس ایوان کی درخواست پر جس میں اس کی ابتدا ہوئی تھی، اسے مشترکہ اجلاس میں زیر غور لایا جائے گا اور اگر موجودہ ارکان کی اکثریت رائے سے اور مشترکہ اجلاس میں رائے دہی سے منظور ہو جائے تو اسے منظوری کے لیے صدر کو پیش کر دیا جائے گا۔ </s>,urdu,140
<s>[INST] What is the State's responsibility regarding exploitation? [/INST] The State shall ensure the elimination of all forms of exploitation. </s>,eng,4
<s>[INST] ریاست کی استحصال کے بارے میں کیا ذمہ داری ہے؟ [/INST] ریاست استحصال کی تمام اقسام کے خاتمے کو یقینی بنائے گی۔ </s>,urdu,4
<s>[INST] Who is the chief executive of the Federation in Pakistan? [/INST] The Prime Minister is the chief executive of the Federation. </s>,eng,180
<s>[INST] پاکستان میں وفاق کا چیف ایگزیکٹو کون ہے؟ [/INST] وزیراعظم وفاق کا چیف ایگزیکٹو ہے۔ </s>,urdu,180
"<s>[INST] Can people in Pakistan follow and share their religious beliefs? [/INST] Yes, every citizen has the right to profess, practice, and propagate their religion, subject to law, public order, and morality. </s>",eng,37
<s>[INST] کیا پاکستان میں لوگ اپنے مذہبی عقائد کی پیروی اور ان کی تبلیغ کر سکتے ہیں؟ [/INST] جی ہاں، ہر شہری کو قانون، امن عامہ اور اخلاق کے تابع اپنے مذہب کی پیروی کرنے، اس پر عمل کرنے اور اس کی تبلیغ کرنے کا حق حاصل ہے۔ </s>,urdu,37
<s>[INST] How will the relationship between Pakistan and Jammu and Kashmir be determined if the people of Jammu and Kashmir choose to join Pakistan? [/INST] The relationship will be determined in accordance with the wishes of the people of Jammu and Kashmir. </s>,eng,552
<s>[INST] اگر ریاست جموں و کشمیر کے عوام پاکستان میں شامل ہونے کا انتخاب کریں تو پاکستان اور جموں و کشمیر کے درمیان تعلقات کیسے متعین ہوں گے؟ [/INST] تعلقات ریاست جموں و کشمیر کے عوام کی خواہشات کے مطابق متعین ہوں گے۔ </s>,urdu,552
"<s>[INST] How does the State aim to improve the standard of living for its people? [/INST] The State aims to improve the standard of living for its people by preventing the concentration of wealth and means of production and distribution in the hands of a few, ensuring equitable adjustment of rights between employers and employees, and landlords and tenants. </s>",eng,68
<s>[INST] ریاست اپنے عوام کے معیار زندگی کو بہتر بنانے کا ارادہ کیسے رکھتی ہے؟ [/INST] ریاست اپنے عوام کے معیار زندگی کو بہتر بنانے کا ارادہ دولت اور وسائل پیداوار و تقسیم کو چند اشخاص کے ہاتھوں میں جمع ہونے سے روک کر، آجر و ماجور اور زمیندار و مزارع کے درمیان حقوق کی منصفانہ تقسیم کی ضمانت دے کر رکھتی ہے۔ </s>,urdu,68
"<s>[INST] What must a person do if they are elected to more than one seat? [/INST] If a person is elected to more than one seat, they must resign all but one of their seats within thirty days after the declaration of the result for the last seat. If they do not resign, all the seats will become vacant except the seat to which they were elected last. </s>",eng,480
<s>[INST] اگر کوئی شخص ایک سے زیادہ نشستوں پر منتخب ہو جائے تو اسے کیا کرنا چاہیے؟ [/INST] اگر کوئی شخص ایک سے زیادہ نشستوں پر منتخب ہو جائے تو اسے آخری نشست کے نتیجے کے اعلان کے بعد تیس دن کے اندر اپنی تمام نشستوں میں سے ایک کے علاوہ سب سے استعفیٰ دینا ہوگا۔ اگر وہ استعفیٰ نہ دے تو تمام نشستیں خالی ہو جائیں گی سوائے اس نشست کے جس پر وہ آخر میں منتخب ہوا ہو۔ </s>,urdu,480
"<s>[INST] What happens if the members of the Commission are not yet appointed according to the Eighteenth Amendment? [/INST] If the members of the Commission are not yet appointed according to the Eighteenth Amendment, the Commissioner will remain charged with the duties of preparing electoral rolls, organizing and conducting elections, and appointing Election Tribunals. </s>",eng,473
<s>[INST] اگر کمیشن کے اراکین کی تقرری اٹھارہویں ترمیم کے مطابق نہ ہو تو کیا ہوگا؟ [/INST] اگر کمیشن کے اراکین کی تقرری اٹھارہویں ترمیم کے مطابق نہ ہو، تو کمشنر بدستور انتخابی فہرستیں تیار کرنے، انتخابات کا انتظام کرنے اور انتخابی ٹربیونل مقرر کرنے کے فرائض انجام دیتا رہے گا۔ </s>,urdu,473
"<s>[INST] What authority does the Supreme Court have to ensure justice in cases before it? [/INST] The Supreme Court has the power to issue directions, orders, or decrees necessary for doing complete justice in any case or matter pending before it, including securing the attendance of any person or the discovery or production of any document. </s>",eng,374
<s>[INST] عدالت عظمیٰ کو مقدمات میں انصاف کو یقینی بنانے کے لیے کیا اختیار حاصل ہے؟ [/INST] عدالت عظمیٰ کو ایسے احکام، ہدایات یا ڈگریاں جاری کرنے کا اختیار ہے جو کسی مقدمہ یا معاملہ میں جو اس کے سامنے زیر سماعت ہو، مکمل انصاف کرنے کے لیے ضروری ہوں، ان میں کسی شخص کی حاضری کو یقینی بنانے، یا کسی دستاویز کو برآمد کرنے یا پیش کرنے کے احکام شامل ہیں۔ </s>,urdu,374
<s>[INST] Who is responsible for ensuring that children receive free and compulsory education? [/INST] The State is responsible for providing free and compulsory education to all children of the age of five to sixteen years. </s>,eng,48
<s>[INST] بچوں کو مفت اور لازمی تعلیم فراہم کرنے کی ذمہ داری کس پر ہے؟ [/INST] ریاست پانچ سے سولہ سال تک کی عمر کے تمام بچوں کو مفت اور لازمی تعلیم فراہم کرنے کی ذمہ دار ہے۔ </s>,urdu,48
"<s>[INST] Are lower courts in Pakistan required to follow the rulings of the Supreme Court? [/INST] Yes, lower courts in Pakistan are required to follow the rulings of the Supreme Court if the decision involves a question of law or a principle of law. </s>",eng,378
<s>[INST] کیا پاکستان کی نچلی عدالتیں سپریم کورٹ کے فیصلوں کی پابند ہیں؟ [/INST] جی ہاں، اگر سپریم کورٹ کا فیصلہ کسی امر قانونی یا اصول قانون سے متعلق ہو تو پاکستان کی نچلی عدالتیں اس کی پابند ہیں۔ </s>,urdu,378
"<s>[INST] What happens if a vote of no-confidence is passed by the majority of the Provincial Assembly? [/INST] If a vote of no-confidence is passed by the majority of the total membership of the Provincial Assembly, the Chief Minister shall cease to hold office. </s>",eng,262
<s>[INST] اگر صوبائی اسمبلی کی اکثریت سے عدم اعتماد کا ووٹ منظور ہو جائے تو کیا ہوتا ہے؟ [/INST] اگر صوبائی اسمبلی کی کل رکنیت کی اکثریت سے عدم اعتماد کا ووٹ منظور ہو جائے، تو وزیر اعلیٰ عہدے پر فائز نہیں رہے گا۔ </s>,urdu,262
<s>[INST] Who has the authority to dissolve the Provincial Assembly on the advice of the Chief Minister? [/INST] The Governor has the authority to dissolve the Provincial Assembly if advised by the Chief Minister. </s>,eng,219
<s>[INST] وزیر اعلیٰ کے مشورے پر صوبائی اسمبلی کو تحلیل کرنے کا اختیار کس کے پاس ہے؟ [/INST] گورنر کے پاس وزیر اعلیٰ کے مشورے پر صوبائی اسمبلی کو تحلیل کرنے کا اختیار ہے۔ </s>,urdu,219
"<s>[INST] Is it possible for a court to investigate the advice given to the Governor by the Chief Minister or the Cabinet? [/INST] No, it is not possible for any court, tribunal, or other authority to inquire into the advice given to the Governor by the Chief Minister or the Cabinet. </s>",eng,207
<s>[INST] کیا کسی عدالت کو وزیر اعلیٰ یا کابینہ کی طرف سے گورنر کو دیئے گئے مشورے کی تفتیش کرنے کی اجازت ہے؟ [/INST] نہیں، کسی عدالت، ٹربیونل یا دیگر ہیئت مجاز کو وزیر اعلیٰ یا کابینہ کی طرف سے گورنر کو دیئے گئے مشورے کی تفتیش کرنے کی اجازت نہیں ہے۔ </s>,urdu,207
<s>[INST] Who has the authority to create rules for court procedures? [/INST] A High Court has the authority to make rules regulating the practice and procedure of the Court or any court subordinate to it. </s>,eng,404
<s>[INST] عدالتی طریقہ کار کے قواعد بنانے کا اختیار کس کے پاس ہے؟ [/INST] عدالت عالیہ کو اپنے یا اپنی کسی ماتحت عدالت کے معمول اور طریق کار کو منضبط کرنے کے لیے قواعد وضع کرنے کا اختیار ہے۔ </s>,urdu,404
"<s>[INST] Is slavery allowed in Pakistan? [/INST] No, slavery is non-existent and forbidden in Pakistan, and no law shall permit or facilitate its introduction in any form. </s>",eng,21
<s>[INST] کیا پاکستان میں غلامی کی اجازت ہے؟ [/INST] نہیں، پاکستان میں غلامی معدوم اور ممنوع ہے اور کوئی قانون کسی بھی صورت میں اسے رواج دینے کی اجازت نہیں دے گا۔ </s>,urdu,21
<s>[INST] How long is the term for the Chairman or Deputy Chairman of the Senate? [/INST] The term of office for the Chairman or Deputy Chairman of the Senate is three years from the day they enter upon their office. </s>,eng,115
<s>[INST] سینیٹ کے چیئرمین یا ڈپٹی چیئرمین کی میعاد کتنی ہوتی ہے؟ [/INST] سینیٹ کے چیئرمین یا ڈپٹی چیئرمین کے عہدے کی میعاد اس دن سے تین سال ہوتی ہے جس دن وہ اپنا عہدہ سنبھالتے ہیں۔ </s>,urdu,115
<s>[INST] Who can the first President take the oath before if the Chief Justice of Pakistan is not available? [/INST] The first President can take the oath before the Speaker of the National Assembly if the Chief Justice of Pakistan is not available. </s>,eng,611
<s>[INST] اگر چیف جسٹس پاکستان دستیاب نہ ہوں تو پہلا صدر کس کے سامنے حلف اٹھا سکتا ہے؟ [/INST] اگر چیف جسٹس پاکستان دستیاب نہ ہوں تو پہلا صدر قومی اسمبلی کے اسپیکر کے سامنے حلف اٹھا سکتا ہے۔ </s>,urdu,611
"<s>[INST] Can the President resign from his position? [/INST] Yes, the President may resign his office by writing under his hand addressed to the Speaker of the National Assembly. </s>",eng,81
<s>[INST] کیا صدر اپنے عہدے سے مستعفی ہو سکتا ہے؟ [/INST] جی ہاں، صدر قومی اسمبلی کے اسپیکر کے نام اپنی دستخطی تحریر کے ذریعے اپنے عہدے سے مستعفی ہو سکتا ہے۔ </s>,urdu,81
<s>[INST] Who is responsible for holding elections for local governments in Pakistan? [/INST] The Election Commission of Pakistan is responsible for holding elections for local governments. </s>,eng,270
<s>[INST] پاکستان میں مقامی حکومتوں کے انتخابات کا انعقاد کون کرتا ہے؟ [/INST] مقامی حکومتوں کے انتخابات کا انعقاد الیکشن کمیشن آف پاکستان کرتا ہے۔ </s>,urdu,270
<s>[INST] Who appoints the Provincial Ministers in Pakistan? [/INST] The Governor appoints Provincial Ministers on the advice of the Chief Minister. </s>,eng,258
<s>[INST] پاکستان میں صوبائی وزراء کا تقرر کون کرتا ہے؟ [/INST] گورنر وزیر اعلیٰ کے مشورے پر صوبائی وزراء کا تقرر کرتا ہے۔ </s>,urdu,258
"<s>[INST] Under what circumstances can the President declare a state of emergency in Pakistan? [/INST] The President can declare a state of emergency if he is satisfied that the security of Pakistan, or any part thereof, is threatened by war, external aggression, or internal disturbance beyond the power of a Provincial Government to control. </s>",eng,501
<s>[INST] صدر پاکستان میں ہنگامی حالت کا اعلان کن حالات میں کر سکتا ہے؟ [/INST] صدر ہنگامی حالت کا اعلان کر سکتا ہے اگر وہ مطمئن ہو کہ پاکستان، یا اس کے کسی حصے کی سلامتی کو جنگ، بیرونی جارحیت، یا داخلی خلفشار کی بنا پر ایسا خطرہ لاحق ہے جس پر قابو پانا کسی صوبائی حکومت کے اختیار سے باہر ہے۔ </s>,urdu,501
"<s>[INST] How long can an Additional Judge be appointed for? [/INST] An Additional Judge can be appointed for a period determined by the President, not exceeding the period prescribed by law. </s>",eng,392
<s>[INST] اضافی جج کتنی مدت کے لیے مقرر کیا جا سکتا ہے؟ [/INST] اضافی جج کو صدر کی طرف سے متعین کردہ مدت کے لیے مقرر کیا جا سکتا ہے، جو قانون کی رو سے مقرر کردہ مدت سے تجاوز نہ کرے۔ </s>,urdu,392
"<s>[INST] Can citizens of Pakistan form associations or unions? [/INST] Yes, every citizen has the right to form associations or unions, subject to reasonable restrictions imposed by law in the interest of sovereignty or integrity of Pakistan, public order, or morality. </s>",eng,30
<s>[INST] کیا پاکستان کے شہری انجمنیں یا یونینیں بنا سکتے ہیں؟ [/INST] جی ہاں، ہر شہری کو انجمنیں یا یونینیں بنانے کا حق حاصل ہوگا، پاکستان کی حاکمیت اعلیٰ یا سالمیت، امن عامہ یا اخلاق کے مفاد میں قانون کے ذریعے عائد کردہ معقول پابندیوں کے تابع۔ </s>,urdu,30
<s>[INST] What happens if a member of the House is absent for forty consecutive days without permission? [/INST] The House may declare the seat of the member vacant if they remain absent for forty consecutive days without leave of the House. </s>,eng,128
<s>[INST] اگر کوئی رکن ایوان کی اجازت کے بغیر مسلسل چالیس دن تک غیر حاضر رہے تو کیا ہوتا ہے؟ [/INST] ایوان اس رکن کی نشست کو خالی قرار دے سکتا ہے اگر وہ ایوان کی اجازت کے بغیر مسلسل چالیس دن تک غیر حاضر رہے۔ </s>,urdu,128
<s>[INST] Who has the authority to amend the Constitution in Pakistan? [/INST] The Constitution may be amended by Act of Majlis-e-Shoora (Parliament). </s>,eng,515
<s>[INST] پاکستان میں دستور میں ترمیم کا اختیار کس کے پاس ہے؟ [/INST] دستور میں ترمیم مجلس شوریٰ (پارلیمنٹ) کے ایکٹ کے ذریعے کی جا سکتی ہے۔ </s>,urdu,515
<s>[INST] How long does the National Assembly last before it is dissolved? [/INST] The National Assembly continues for a term of five years from the day of its first meeting and stands dissolved at the expiration of its term. </s>,eng,96
<s>[INST] قومی اسمبلی کتنے عرصے تک برقرار رہتی ہے قبل اس کے کہ اسے توڑ دیا جائے؟ [/INST] قومی اسمبلی اپنے پہلے اجلاس کے دن سے پانچ سال کی میعاد تک برقرار رہتی ہے اور اپنی میعاد کے اختتام پر توڑ دی جاتی ہے۔ </s>,urdu,96
<s>[INST] Who can make a complaint if water supplies are affected? [/INST] The Federal Government or the Provincial Government concerned may make a complaint in writing to the Council. </s>,eng,299
<s>[INST] اگر پانی کی فراہمی متاثر ہو تو شکایت کون کر سکتا ہے؟ [/INST] وفاقی حکومت یا متعلقہ صوبائی حکومت کونسل سے تحریری طور پر شکایت کر سکتی ہے۔ </s>,urdu,299
"<s>[INST] Who is eligible to vote in Pakistan? [/INST] A person is eligible to vote if they are a citizen of Pakistan, at least eighteen years old, their name appears on the electoral roll, and they are not declared by a competent court to be of unsound mind. </s>",eng,94
<s>[INST] پاکستان میں ووٹ دینے کا اہل کون ہے؟ [/INST] کوئی شخص ووٹ دینے کا اہل ہے اگر وہ پاکستان کا شہری ہو، کم از کم اٹھارہ سال کا ہو، اس کا نام انتخابی فہرست میں موجود ہو، اور اسے کسی بااختیار عدالت نے فاتر العقل قرار نہ دیا ہو۔ </s>,urdu,94
"<s>[INST] Who exercises the executive authority of a Province in Pakistan? [/INST] The executive authority of a Province is exercised in the name of the Governor by the Provincial Government, consisting of the Chief Minister and Provincial Ministers. </s>",eng,252
<s>[INST] پاکستان میں صوبے کے انتظامی اختیارات کون استعمال کرتا ہے؟ [/INST] صوبے کے انتظامی اختیارات صوبائی حکومت کی جانب سے گورنر کے نام سے استعمال کیے جاتے ہیں، جو وزیر اعظم اور صوبائی وزراء پر مشتمل ہوتی ہے۔ </s>,urdu,252
<s>[INST] What must a newly elected Speaker or Deputy Speaker do before taking office? [/INST] A newly elected Speaker or Deputy Speaker must make an oath before the National Assembly in the form set out in the Third Schedule before entering upon office. </s>,eng,99
<s>[INST] نئے منتخب شدہ اسپیکر یا ڈپٹی اسپیکر کو عہدہ سنبھالنے سے پہلے کیا کرنا ہوتا ہے؟ [/INST] نئے منتخب شدہ اسپیکر یا ڈپٹی اسپیکر کو عہدہ سنبھالنے سے قبل قومی اسمبلی کے سامنے جدول سوم میں مندرج عبارت میں حلف اٹھانا ہوتا ہے۔ </s>,urdu,99
"<s>[INST] Does the repeal of a law affect any legal proceedings or investigations that were already in progress? [/INST] No, the repeal of a law does not affect any legal proceedings or investigations that were already in progress, and they may be continued or enforced as if the law had not been repealed. </s>",eng,566
<s>[INST] کیا کسی قانون کی منسوخی جاری قانونی کارروائیوں یا تحقیقات پر اثر انداز ہوتی ہے؟ [/INST] نہیں، کسی قانون کی منسوخی جاری قانونی کارروائیوں یا تحقیقات پر اثر انداز نہیں ہوتی، اور انہیں اس طرح جاری رکھا جا سکتا ہے یا نافذ کیا جا سکتا ہے گویا قانون منسوخ نہیں ہوا تھا۔ </s>,urdu,566
"<s>[INST] What areas does the federal executive authority cover? [/INST] The federal executive authority covers matters on which the Parliament has the power to make laws, including areas outside Pakistan. </s>",eng,191
<s>[INST] وفاقی عاملانہ اختیار کن علاقوں پر حاوی ہوتا ہے؟ [/INST] وفاقی عاملانہ اختیار ان امور پر حاوی ہوتا ہے جن پر پارلیمنٹ کو قوانین وضع کرنے کا اختیار ہے، جس میں پاکستان سے باہر کے علاقے بھی شامل ہیں۔ </s>,urdu,191
<s>[INST] Who appoints the Chief Election Commissioner in Pakistan? [/INST] The Chief Election Commissioner is appointed by the President. </s>,eng,458
<s>[INST] پاکستان میں چیف الیکشن کمشنر کا تقرر کون کرتا ہے؟ [/INST] چیف الیکشن کمشنر کا تقرر صدر کرتا ہے۔ </s>,urdu,458
"<s>[INST] Can local authorities in Pakistan be considered part of ""the State""? [/INST] Yes, local authorities in Pakistan that are empowered by law to impose any tax or cess are considered part of ""the State."" </s>",eng,12
<s>[INST] کیا پاکستان میں مقامی اتھارٹیز کو 'مملکت' کا حصہ سمجھا جا سکتا ہے؟ [/INST] جی ہاں، پاکستان میں مقامی اتھارٹیز جنہیں قانون کے تحت کوئی محصول یا چنگی عائد کرنے کا اختیار حاصل ہو، 'مملکت' کا حصہ سمجھی جاتی ہیں۔ </s>,urdu,12
"<s>[INST] Can a High Court issue an order to bring a person in custody before it? [/INST] Yes, a High Court can issue an order to bring a person in custody within its territorial jurisdiction before it to ensure that the person is not being held without lawful authority or in an unlawful manner. </s>",eng,396
<s>[INST] کیا عدالت عالیہ کسی زیر حراست شخص کو اپنے سامنے پیش کرنے کا حکم جاری کر سکتی ہے؟ [/INST] جی ہاں، عدالت عالیہ اپنے علاقائی اختیار سماعت میں زیر حراست کسی شخص کو اپنے سامنے پیش کرنے کا حکم جاری کر سکتی ہے تاکہ یہ اطمینان کر سکے کہ اسے قانونی اختیار کے بغیر یا کسی غیر قانونی طریقے سے زیر حراست نہیں رکھا جا رہا ہے۔ </s>,urdu,396
<s>[INST] Who does a member of the Election Commission take an oath before? [/INST] A member of the Election Commission takes an oath before the Commissioner. </s>,eng,462
<s>[INST] الیکشن کمیشن کا رکن کس کے سامنے حلف اٹھاتا ہے؟ [/INST] الیکشن کمیشن کا رکن کمشنر کے سامنے حلف اٹھاتا ہے۔ </s>,urdu,462
<s>[INST] In whose name are all executive actions of the Federal Government taken? [/INST] All executive actions of the Federal Government are taken in the name of the President. </s>,eng,194
<s>[INST] وفاقی حکومت کی کل عاملانہ کارروائیاں کس کے نام سے کی جاتی ہیں؟ [/INST] وفاقی حکومت کی کل عاملانہ کارروائیاں صدر کے نام سے کی جاتی ہیں۔ </s>,urdu,194
"<s>[INST] What types of debt-related expenses are charged upon the Provincial Consolidated Fund? [/INST] All debt charges for which the Provincial Government is liable, including interest, sinking fund charges, the repayment or amortisation of capital, and other expenditure in connection with the raising of loans, and the service and redemption of debt on the security of the Provincial Consolidated Fund are charged upon the Provincial Consolidated Fund. </s>",eng,238
<s>[INST] صوبائی مجموعی فنڈ پر قرض سے متعلق کون سے اخراجات واجب الادا ہیں؟ [/INST] جملہ واجبات قرضہ جن کی ادائیگی صوبائی حکومت کے ذمے ہو، بشمول سود، مصارف ذخیرہ ادائیگی، سرمایہ کی بازادائیگی یا بے باقی، یا قرضوں کے حصول کے اور صوبائی مجموعی فنڈ کی ضمانت پر قرض کے معاوضے اور انفکاک کے سلسلے میں کیے جانے والے دیگر مصارف صوبائی مجموعی فنڈ پر واجب الادا ہیں۔ </s>,urdu,238
"<s>[INST] Under what conditions can a person be detained for more than three months under preventive detention laws? [/INST] A person can be detained for more than three months under preventive detention laws if the appropriate Review Board has reviewed the case, afforded the person an opportunity to be heard, and reported that there is sufficient cause for such detention. This review must occur before the expiration of each three-month period. </s>",eng,19
<s>[INST] کسی شخص کو امتناعی نظر بندی کے قوانین کے تحت تین ماہ سے زیادہ مدت کے لیے کن حالات میں نظر بند کیا جا سکتا ہے؟ [/INST] کسی شخص کو امتناعی نظر بندی کے قوانین کے تحت تین ماہ سے زیادہ مدت کے لیے نظر بند کیا جا سکتا ہے اگر متعلقہ نظر ثانی بورڈ نے اس معاملے پر نظر ثانی کی ہو، اس شخص کو اصالتاً سماعت کا موقع فراہم کیا ہو، اور یہ رپورٹ دی ہو کہ مذکورہ نظر بندی کے لیے وجہ کافی موجود ہے۔ یہ نظر ثانی ہر تین ماہ کی مدت کے اختتام سے پہلے ہونی چاہیے۔ </s>,urdu,19
"<s>[INST] Can members of a Provincial Assembly discuss the actions of a Supreme Court or High Court judge while they are performing their duties? [/INST] No, members of a Provincial Assembly cannot discuss the conduct of any Judge of the Supreme Court or of a High Court in the discharge of his duties. </s>",eng,223
<s>[INST] کیا صوبائی اسمبلی کے اراکین عدالت عظمیٰ یا عدالت عالیہ کے جج کے فرائض کی انجام دہی کے دوران ان کے اقدامات پر بحث کر سکتے ہیں؟ [/INST] نہیں، صوبائی اسمبلی کے اراکین عدالت عظمیٰ یا عدالت عالیہ کے کسی جج کے اپنے فرائض کی انجام دہی پر بحث نہیں کر سکتے۔ </s>,urdu,223
<s>[INST] Who must support the Supreme Court in Pakistan? [/INST] All executive and judicial authorities throughout Pakistan must support the Supreme Court. </s>,eng,379
<s>[INST] پاکستان میں عدالت عظمیٰ کی معاونت کون کرے گا؟ [/INST] پورے پاکستان کی عاملہ و عدلیہ کے تمام حکام، عدالت عظمیٰ کی معاونت کریں گے۔ </s>,urdu,379
<s>[INST] How can a Judge of the Supreme Court or a High Court resign from their position? [/INST] A Judge of the Supreme Court or a High Court can resign by writing under their hand addressed to the President. </s>,eng,439
<s>[INST] عدالت عظمیٰ یا عدالت عالیہ کا کوئی جج اپنے عہدے سے کیسے مستعفی ہو سکتا ہے؟ [/INST] عدالت عظمیٰ یا عدالت عالیہ کا کوئی جج صدر کے نام اپنی دستخطی تحریر کے ذریعے مستعفی ہو سکتا ہے۔ </s>,urdu,439
"<s>[INST] Is it possible for a High Court to direct a public office holder to show their authority of law? [/INST] Yes, a High Court can require a person holding or purporting to hold a public office within its territorial jurisdiction to show under what authority of law they claim to hold that office. </s>",eng,397
<s>[INST] کیا عدالت عالیہ کسی سرکاری عہدے پر فائز شخص کو اس کے قانونی اختیار کو ظاہر کرنے کا حکم دے سکتی ہے؟ [/INST] جی ہاں، عدالت عالیہ اپنے علاقائی اختیار سماعت میں کسی سرکاری عہدے پر فائز یا فائز ہونے کا دعویدار شخص کو حکم دے سکتی ہے کہ وہ ظاہر کرے کہ وہ کس قانونی اختیار کے تحت اس عہدے پر فائز ہونے کا دعویدار ہے۔ </s>,urdu,397
"<s>[INST] Can the amount of compensation for acquired property be challenged in court? [/INST] No, the adequacy or otherwise of any compensation provided for by any such law cannot be called into question in any court. </s>",eng,45
<s>[INST] کیا حاصل شدہ جائیداد کے معاوضہ کی رقم کو عدالت میں چیلنج کیا جا سکتا ہے؟ [/INST] نہیں، اس آرٹیکل میں محولہ کسی قانون کی رو سے قرار دیئے گئے یا اس کی تعمیل میں متعین کئے گئے کسی معاوضہ کے کافی ہونے یا نہ ہونے کو کسی عدالت میں زیر بحث نہیں لایا جائے گا۔ </s>,urdu,45
<s>[INST] What is one of the character requirements for a person to be eligible for membership in the Majlis-e-Shoora (Parliament)? [/INST] One of the character requirements is that the person must be of good character and not commonly known as one who violates Islamic Injunctions. </s>,eng,119
<s>[INST] مجلس شوریٰ (پارلیمنٹ) کی رکنیت کے لیے اہل ہونے کے لیے ایک کردار کی ضرورت کیا ہے؟ [/INST] ایک کردار کی ضرورت یہ ہے کہ وہ شخص اچھے کردار کا حامل ہو اور عام طور پر احکام اسلام سے انحراف میں مشہور نہ ہو۔ </s>,urdu,119
<s>[INST] Who appoints an acting Chief Justice when the Chief Justice of a High Court is unavailable? [/INST] The President appoints an acting Chief Justice when the Chief Justice of a High Court is unavailable. </s>,eng,389
<s>[INST] جب کسی عدالت عالیہ کا چیف جسٹس دستیاب نہ ہو تو قائم مقام چیف جسٹس کو کون مقرر کرتا ہے؟ [/INST] جب کسی عدالت عالیہ کا چیف جسٹس دستیاب نہ ہو تو صدر قائم مقام چیف جسٹس کو مقرر کرتا ہے۔ </s>,urdu,389
"<s>[INST] Can each House of the Parliament have its own Secretariat? [/INST] Yes, each House shall have a separate Secretariat. </s>",eng,173
<s>[INST] کیا پارلیمنٹ کے ہر ایوان کا اپنا سیکرٹریٹ ہو سکتا ہے؟ [/INST] جی ہاں، ہر ایوان کا سیکرٹریٹ الگ ہوگا۔ </s>,urdu,173
<s>[INST] How is the transfer of land by the Federal or Provincial Government regulated? [/INST] The transfer of land by the Federal Government or a Provincial Government shall be regulated by law. </s>,eng,343
<s>[INST] وفاقی یا صوبائی حکومت کی طرف سے اراضی کے انتقال کو کیسے منضبط کیا جاتا ہے؟ [/INST] وفاقی حکومت یا کسی صوبائی حکومت کی طرف سے اراضی کے انتقال کو قانون کے ذریعے منضبط کیا جائے گا۔ </s>,urdu,343
"<s>[INST] Can the President or Prime Minister assume office before the Constitution's commencing day? [/INST] No, the person elected as President or Prime Minister shall not enter upon his office before the commencing day. </s>",eng,568
<s>[INST] کیا صدر یا وزیر اعظم یوم آغاز سے پہلے اپنا عہدہ سنبھال سکتے ہیں؟ [/INST] نہیں، صدر یا وزیر اعظم کی حیثیت سے منتخب شدہ شخص یوم آغاز سے پہلے اپنا عہدہ نہیں سنبھالے گا۔ </s>,urdu,568
"<s>[INST] Can a Prime Minister in Pakistan serve multiple terms? [/INST] Yes, there is no restriction on the number of terms for the office of the Prime Minister in Pakistan. </s>",eng,184
<s>[INST] کیا پاکستان میں وزیراعظم متعدد میعادوں کے لیے خدمات انجام دے سکتا ہے؟ [/INST] جی ہاں، پاکستان میں وزیراعظم کے عہدے پر فائز ہونے کے لیے میعاد کی تعداد پر کوئی پابندی نہیں ہے۔ </s>,urdu,184
"<s>[INST] What happens if the position of Speaker or Deputy Speaker becomes vacant? [/INST] If the position of Speaker or Deputy Speaker becomes vacant, the Assembly shall elect another member to fill the position. </s>",eng,213
<s>[INST] اگر اسپیکر یا ڈپٹی اسپیکر کا عہدہ خالی ہو جائے تو کیا ہوتا ہے؟ [/INST] اگر اسپیکر یا ڈپٹی اسپیکر کا عہدہ خالی ہو جائے تو اسمبلی کسی اور رکن کو اس عہدے پر منتخب کرے گی۔ </s>,urdu,213
"<s>[INST] How can a member of the Parliament resign from their position? [/INST] A member of the Parliament can resign by writing under their hand addressed to the Speaker or the Chairman, and their seat will become vacant upon resignation. </s>",eng,127
<s>[INST] پارلیمنٹ کا رکن اپنی پوزیشن سے کیسے مستعفی ہو سکتا ہے؟ [/INST] پارلیمنٹ کا رکن اسپیکر یا چیئرمین کے نام اپنی دستخطی تحریر کے ذریعے مستعفی ہو سکتا ہے اور اس کے بعد اس کی نشست خالی ہو جائے گی۔ </s>,urdu,127
"<s>[INST] What was the term of office for the members of the first and second groups in the Senate? [/INST] The term of office for the members of the first group was two years, and for the second group, it was four years. </s>",eng,601
<s>[INST] سینیٹ کے پہلے اور دوسرے گروہوں کے ارکان کی میعاد عہدہ کیا تھی؟ [/INST] پہلے گروہ کے ارکان کی میعاد عہدہ دو سال تھی، اور دوسرے گروہ کے ارکان کی میعاد عہدہ چار سال تھی۔ </s>,urdu,601
<s>[INST] When can the Governor issue an Ordinance? [/INST] The Governor can issue an Ordinance when the Provincial Assembly is not in session and if satisfied that circumstances exist which render it necessary to take immediate action. </s>,eng,250
<s>[INST] گورنر آرڈیننس کب جاری کر سکتا ہے؟ [/INST] گورنر آرڈیننس اس وقت جاری کر سکتا ہے جب صوبائی اسمبلی کا اجلاس نہ ہو اور اگر وہ مطمئن ہو کہ ایسے حالات موجود ہیں جن کی بنا پر فوری کارروائی ضروری ہو گئی ہے۔ </s>,urdu,250
"<s>[INST] What happens to the laws made between July 5, 1977, and the date this Article comes into force? [/INST] The laws made between July 5, 1977, and the date this Article comes into force are affirmed, adopted, and declared to have been validly made by competent authority and cannot be questioned in any court on any ground. </s>",eng,586
<s>[INST] پانچ جولائی 1977ء اور اس تاریخ کے درمیان وضع کردہ قوانین کا کیا ہوتا ہے جس پر یہ آرٹیکل نافذ العمل ہو؟ [/INST] پانچ جولائی 1977ء اور اس تاریخ کے درمیان وضع کردہ قوانین جس پر یہ آرٹیکل نافذ العمل ہو، کی توثیق کی جاتی ہے، انہیں تسلیم کیا جاتا ہے اور قرار دیا جاتا ہے کہ وہ مجاز کی طرف سے جائز طور پر وضع کئے گئے ہیں اور ان پر کسی عدالت میں کسی بھی بناء پر اعتراض نہیں کیا جا سکتا۔ </s>,urdu,586
"<s>[INST] Are judicial proceedings from one province recognized in other provinces in Pakistan? [/INST] Yes, judicial proceedings from one province are recognized throughout Pakistan. </s>",eng,290
<s>[INST] کیا پاکستان کے ایک صوبے کی عدالتی کارروائیاں دوسرے صوبوں میں تسلیم کی جاتی ہیں؟ [/INST] جی ہاں، پاکستان بھر میں ایک صوبے کی عدالتی کارروائیاں تسلیم کی جاتی ہیں۔ </s>,urdu,290
"<s>[INST] Who regulates the management of the Provincial Consolidated Fund and Public Account if no specific law is made by the Provincial Assembly? [/INST] If no specific law is made by the Provincial Assembly, the management of the Provincial Consolidated Fund and Public Account is regulated by rules made by the Governor. </s>",eng,234
<s>[INST] اگر صوبائی اسمبلی کی طرف سے کوئی مخصوص قانون نہیں بنایا گیا تو صوبائی مجموعی فنڈ اور عوامی حساب کا انتظام کون منضبط کرتا ہے؟ [/INST] اگر صوبائی اسمبلی کی طرف سے کوئی مخصوص قانون نہیں بنایا گیا تو صوبائی مجموعی فنڈ اور عوامی حساب کا انتظام گورنر کے بنائے ہوئے قواعد کے بموجب منضبط ہوتا ہے۔ </s>,urdu,234
<s>[INST] What type of judgements does the Supreme Court give when exercising its original jurisdiction in disputes between governments? [/INST] The Supreme Court shall pronounce declaratory judgements only. </s>,eng,367
<s>[INST] عدالت عظمیٰ حکومتوں کے درمیان تنازعات میں اپنے ابتدائی اختیار سماعت کے استعمال میں کس قسم کے فیصلے صادر کرتی ہے؟ [/INST] عدالت عظمیٰ صرف استقراری فیصلے صادر کرے گی۔ </s>,urdu,367
<s>[INST] What is the maximum period for which the provincial government can authorize expenditure when the assembly is dissolved? [/INST] The provincial government can authorize expenditure for a period not exceeding four months in any financial year when the assembly is dissolved. </s>,eng,247
<s>[INST] صوبائی حکومت اسمبلی ٹوٹ جانے کی صورت میں زیادہ سے زیادہ کتنی مدت کے لیے خرچ کی منظوری دے سکتی ہے؟ [/INST] صوبائی حکومت اسمبلی ٹوٹ جانے کی صورت میں کسی مالی سال میں زیادہ سے زیادہ چار ماہ کے لیے خرچ کی منظوری دے سکتی ہے۔ </s>,urdu,247
<s>[INST] Who needs to give consent for financial measures involving provincial funds to be introduced in the Provincial Assembly? [/INST] The Provincial Government needs to give consent for financial measures involving provincial funds to be introduced in the Provincial Assembly. </s>,eng,224
<s>[INST] صوبائی فنڈز سے متعلق مالی اقدامات کو صوبائی اسمبلی میں پیش کرنے کے لیے کس کی رضامندی ضروری ہے؟ [/INST] صوبائی فنڈز سے متعلق مالی اقدامات کو صوبائی اسمبلی میں پیش کرنے کے لیے صوبائی حکومت کی رضامندی ضروری ہے۔ </s>,urdu,224
"<s>[INST] How were the members of the Senate divided into groups? [/INST] The members of the Senate were divided into two groups by drawing of lots, with the first group consisting of five members from each Province, two members from the Federally Administered Tribal Areas, and one member from the Federal Capital, and the second group consisting of five members from each Province, one member from the said Areas, and one member from the Federal Capital. </s>",eng,600
<s>[INST] سینیٹ کے ارکان کو گروہوں میں کیسے تقسیم کیا گیا؟ [/INST] سینیٹ کے ارکان کو قرعہ اندازی کے ذریعے دو گروہوں میں تقسیم کیا گیا، پہلے گروہ میں ہر صوبے سے پانچ ارکان، وفاق کے زیر انتظام قبائلی علاقوں سے دو ارکان اور وفاقی دارالحکومت سے ایک رکن شامل تھا اور دوسرے گروہ میں ہر صوبے سے پانچ ارکان، مذکورہ علاقوں سے ایک رکن اور وفاقی دارالحکومت سے ایک رکن شامل تھا۔ </s>,urdu,600
<s>[INST] What powers does an ad hoc Judge have while attending sittings of the Supreme Court? [/INST] An ad hoc Judge shall have the same power and jurisdiction as a Judge of the Supreme Court while attending sittings. </s>,eng,362
<s>[INST] عدالت عظمیٰ کے اجلاسوں میں شرکت کے دوران جج بوقت خاص کو کیا اختیارات حاصل ہوتے ہیں؟ [/INST] عدالت عظمیٰ کے اجلاسوں میں شرکت کے دوران جج بوقت خاص کو وہی اختیار اور اختیار سماعت حاصل ہوگا جو عدالت عظمیٰ کے کسی جج کو حاصل ہوتا ہے۔ </s>,urdu,362
"<s>[INST] Can the Court review decisions made by criminal courts regarding Hudood laws? [/INST] Yes, the Court can call for and examine the record of any case decided by any criminal court under any law relating to the enforcement of Hudood to ensure the correctness, legality, or propriety of any finding, sentence, or order. </s>",eng,416
<s>[INST] کیا عدالت حدود قوانین کے بارے میں فوجداری عدالتوں کے فیصلوں کا جائزہ لے سکتی ہے؟ [/INST] جی ہاں، عدالت حدود کے نفاذ سے متعلق کسی قانون کے تحت کسی فوجداری عدالت کی طرف سے فیصلہ شدہ کسی مقدمے کا ریکارڈ طلب کر سکتی ہے اور اس کا جائزہ لے سکتی ہے تاکہ کسی نتیجہ تفتیش، حکم سزا یا حکم کی صحت، قانونی جواز یا معقولیت کو یقینی بنایا جا سکے۔ </s>,urdu,416
"<s>[INST] Who has the authority to establish the guidelines for how the Supreme Court operates? [/INST] The Supreme Court has the authority to make rules regulating its practice and procedure, subject to the Constitution and law. </s>",eng,380
<s>[INST] عدالت عظمیٰ کے طریقہ کار کے رہنما اصول کون وضع کرتا ہے؟ [/INST] دستور اور قانون کے تابع، عدالت عظمیٰ اپنے معمول اور طریق کار کو منضبط کرنے کے لیے قواعد وضع کر سکتی ہے۔ </s>,urdu,380
"<s>[INST] Can the National Assembly vote on the expenditure charged upon the Federal Consolidated Fund? [/INST] No, the expenditure charged upon the Federal Consolidated Fund may be discussed in the National Assembly but shall not be submitted to the vote of the Assembly. </s>",eng,163
<s>[INST] کیا قومی اسمبلی وفاقی مجموعی فنڈ سے واجب الادا مصارف پر رائے شماری کر سکتی ہے؟ [/INST] نہیں، وفاقی مجموعی فنڈ سے واجب الادا مصارف پر قومی اسمبلی میں بحث ہو سکتی ہے، لیکن اسے اسمبلی کی رائے شماری کے لئے پیش نہیں کیا جائے گا۔ </s>,urdu,163
"<s>[INST] What can the President do to address issues or make the Constitution work effectively before the specified time period ends? [/INST] The President can issue an Order to adapt the provisions of the Constitution by modification, addition, or omission as necessary or expedient. </s>",eng,571
<s>[INST] صدر مشکلات کے ازالہ یا دستور کو مؤثر طور پر عمل میں لانے کے لئے مخصوص مدت کے ختم ہونے سے پہلے کیا کر سکتا ہے؟ [/INST] صدر دستور کے احکام میں ردوبدل، اضافہ یا حذف کے ذریعے تطبیق کرنے کے لئے فرمان جاری کر سکتا ہے۔ </s>,urdu,571
"<s>[INST] Is there any condition under which a High Court's decision might not be binding on subordinate courts? [/INST] Yes, the binding nature of a High Court's decision on subordinate courts is subject to Article 189. </s>",eng,403
<s>[INST] کیا کوئی ایسی شرط ہے جس کے تحت عدالت عالیہ کا فیصلہ ماتحت عدالتوں پر واجب التعمیل نہ ہو؟ [/INST] جی ہاں، عدالت عالیہ کے فیصلے کی ماتحت عدالتوں پر واجب التعمیل ہونے کی نوعیت آرٹیکل 189 کے تابع ہے۔ </s>,urdu,403
"<s>[INST] What happens if a member of the Parliament is found to have defaulted on a significant loan or utility payments? [/INST] If a member or their spouse or dependents have defaulted on a loan of two million rupees or more, or on government dues and utility expenses exceeding ten thousand rupees for over six months, they are disqualified from being a member of the Parliament. </s>",eng,123
<s>[INST] اگر پارلیمنٹ کا کوئی رکن کسی بڑے قرضے یا یوٹیلٹی بلوں کی ادائیگی میں ناکام ہو جائے تو کیا ہوتا ہے؟ [/INST] اگر کوئی رکن یا اس کا شریک حیات یا زیر کفالت افراد دو ملین روپے یا اس سے زیادہ کے قرضے یا دس ہزار روپے سے زائد کے سرکاری واجبات اور یوٹیلٹی اخراجات کی ادائیگی میں چھ ماہ سے زیادہ عرصے کے لیے ناکام ہو جائیں، تو وہ پارلیمنٹ کی رکنیت کے لیے نااہل ہو جاتے ہیں۔ </s>,urdu,123
"<s>[INST] Can a constitutional amendment that changes the boundaries of a Province be presented to the President without any additional approval? [/INST] No, it must be passed by the Provincial Assembly of that Province by the votes of not less than two-thirds of its total membership before being presented to the President for assent. </s>",eng,518
<s>[INST] کیا کسی صوبے کی حدود میں تبدیلی کرنے والی آئینی ترمیم کو کسی اضافی منظوری کے بغیر صدر کو پیش کیا جا سکتا ہے؟ [/INST] نہیں، اسے صدر کی منظوری کے لیے پیش کرنے سے پہلے اس صوبے کی صوبائی اسمبلی کی کل رکنیت کے کم از کم دو تہائی ووٹوں سے منظور ہونا ضروری ہے۔ </s>,urdu,518
"<s>[INST] What happens to the allowances and privileges of a Judge who is transferred to another High Court? [/INST] A Judge who is transferred to another High Court is entitled to such allowances and privileges, in addition to their salary, as the President may determine by Order. </s>",eng,400
<s>[INST] کسی جج کے بھتے اور مراعات کا کیا ہوتا ہے جب اس کا تبادلہ کسی دوسری عدالت عالیہ میں کیا جاتا ہے؟ [/INST] کسی جج کا تبادلہ کسی دوسری عدالت عالیہ میں کیا جائے تو وہ اپنے مشاہرے کے علاوہ ایسے بھتوں اور مراعات کا مستحق ہو گا جس طرح کہ صدر، فرمان کے ذریعے، متعین کرے۔ </s>,urdu,400
<s>[INST] What must every member of the Armed Forces do according to the document? [/INST] Every member of the Armed Forces must make an oath in the form set out in the Third Schedule. </s>,eng,527
<s>[INST] دستاویز کے مطابق مسلح افواج کے ہر رکن کو کیا کرنا چاہیے؟ [/INST] مسلح افواج کے ہر رکن کو جدول سوم میں دی گئی عبارت میں حلف اٹھانا چاہیے۔ </s>,urdu,527
<s>[INST] What has been made a substantive part of the Constitution according to the provided text? [/INST] The principles and provisions set out in the Objectives Resolution have been made a substantive part of the Constitution. </s>,eng,3
<s>[INST] دئے گئے متن کے مطابق دستور کا مستقل حصہ کیا بنایا گیا ہے؟ [/INST] قرارداد مقاصد میں بیان کردہ اصول اور احکام کو دستور کا مستقل حصہ بنایا گیا ہے۔ </s>,urdu,3
"<s>[INST] What happens to a law that conflicts with the rights given in this Chapter? [/INST] Any law that is inconsistent with the rights conferred by this Chapter shall, to the extent of such inconsistency, be void. </s>",eng,13
<s>[INST] ایسے قانون کا کیا ہوتا ہے جو اس باب میں دیے گئے حقوق کے متناقض ہو؟ [/INST] کوئی بھی قانون جو اس باب میں عطا کردہ حقوق کے متناقض ہو، اس تناقض کی حد تک کالعدم ہوگا۔ </s>,urdu,13
"<s>[INST] Can laws made by the Parliament during a specific period be challenged in court? [/INST] No, laws made by the Parliament during the specified period from March 25, 1969, to December 19, 1971, cannot be questioned in any court on any ground. </s>",eng,583
<s>[INST] کیا پارلیمنٹ کے ذریعہ مخصوص مدت کے دوران بنائے گئے قوانین کو عدالت میں چیلنج کیا جا سکتا ہے؟ [/INST] نہیں، پارلیمنٹ کے ذریعہ پچیس مارچ، سن ایک ہزار نو سو انہتر سے انیس دسمبر، سن ایک ہزار نو سو اکہتر کے درمیان بنائے گئے قوانین کو کسی بھی بناء پر عدالت میں چیلنج نہیں کیا جا سکتا۔ </s>,urdu,583
"<s>[INST] Can the Parliament make laws for matters not listed in the Federal Legislation List if the Provincial Assemblies agree? [/INST] Yes, if one or more Provincial Assemblies pass resolutions allowing it, the Parliament can make laws for matters not listed in the Federal Legislation List. </s>",eng,278
<s>[INST] کیا پارلیمنٹ صوبائی اسمبلیوں کی منظوری سے ایسے معاملات پر قانون سازی کر سکتی ہے جو وفاقی قانون سازی کی فہرست میں شامل نہیں ہیں؟ [/INST] جی ہاں، اگر ایک یا زیادہ صوبائی اسمبلیاں اس کی اجازت دینے والی قراردادیں منظور کریں تو پارلیمنٹ وفاقی قانون سازی کی فہرست میں شامل نہ ہونے والے معاملات پر قانون سازی کر سکتی ہے۔ </s>,urdu,278
<s>[INST] Who administers the oath to the Chief Justice of the Islamabad High Court? [/INST] The Chief Justice of the Islamabad High Court makes the oath before the President. </s>,eng,387
<s>[INST] عدالت عالیہ اسلام آباد کے چیف جسٹس کو حلف کون دلواتا ہے؟ [/INST] عدالت عالیہ اسلام آباد کا چیف جسٹس صدر کے سامنے حلف اٹھاتا ہے۔ </s>,urdu,387
"<s>[INST] When did the Constitution of Pakistan come into effect? [/INST] The Constitution of Pakistan came into effect on the fourteenth day of August, one thousand nine hundred and seventy-three, or on such earlier day as the President may appoint by notification in the official Gazette. </s>",eng,567
<s>[INST] پاکستان کا دستور کب نافذ العمل ہوا؟ [/INST] پاکستان کا دستور چودہ اگست سن ایک ہزار نو سو تہتر کو یا اس سے قبل کی کسی ایسی تاریخ کو نافذ العمل ہوا جو صدر سرکاری جریدے میں اعلان کے ذریعے مقرر کرے۔ </s>,urdu,567
"<s>[INST] Is it possible to receive a harsher penalty than what was prescribed by law at the time an offence was committed? [/INST] No, a person cannot be punished with a penalty greater than, or of a kind different from, the penalty prescribed by law for that offence at the time it was committed. </s>",eng,24
<s>[INST] کیا کسی جرم کے ارتکاب کے وقت مقررہ سزا سے زیادہ سخت سزا دی جا سکتی ہے؟ [/INST] نہیں، کسی شخص کو اس جرم کے ارتکاب کے وقت قانون کے تحت مقررہ سزا سے زیادہ سخت یا مختلف قسم کی سزا نہیں دی جا سکتی۔ </s>,urdu,24
<s>[INST] Who continues to hold office until the care-taker Prime Minister or Chief Minister is appointed? [/INST] The incumbent Prime Minister and the incumbent Chief Minister continue to hold office until the care-taker Prime Minister and the care-taker Chief Minister are appointed. </s>,eng,487
<s>[INST] نگران وزیر اعظم یا نگران وزیر اعلیٰ کے تقرر تک کون اپنے عہدے پر فائز رہتا ہے؟ [/INST] موجودہ وزیر اعظم اور موجودہ وزیر اعلیٰ نگران وزیر اعظم اور نگران وزیر اعلیٰ کے تقرر تک اپنے عہدے پر فائز رہیں گے۔ </s>,urdu,487
"<s>[INST] Does a direction given by the President affect the operation of the law before the specified date? [/INST] No, the giving of a direction does not affect the operation of the law prior to the specified date. </s>",eng,544
<s>[INST] کیا صدر کی دی گئی ہدایت مصرحہ تاریخ سے پہلے قانون کے عملدرآمد پر اثر انداز ہوتی ہے؟ [/INST] نہیں، ہدایت کا اجراء مصرحہ تاریخ سے پہلے قانون کے عملدرآمد پر اثر انداز نہیں ہوتا۔ </s>,urdu,544
<s>[INST] What measures are to be taken regarding women's involvement in the country? [/INST] Steps shall be taken to ensure full participation of women in all spheres of national life. </s>,eng,63
<s>[INST] ملک میں عورتوں کی شمولیت کے حوالے سے کیا اقدامات کیے جائیں گے؟ [/INST] قومی زندگی کے تمام شعبوں میں عورتوں کی مکمل شمولیت کو یقینی بنانے کے لیے اقدامات کیے جائیں گے۔ </s>,urdu,63
"<s>[INST] What types of provisions make a Bill be considered a Money Bill? [/INST] A Bill is considered a Money Bill if it contains provisions dealing with the imposition, abolition, remission, alteration, or regulation of any tax; borrowing of money or giving guarantees by the Provincial Government; custody and issue of money from the Provincial Consolidated Fund; imposition or alteration of charges on the Provincial Consolidated Fund; receipt and custody of money in the Public Account of the Province; and any matter incidental to these. </s>",eng,225
<s>[INST] کس قسم کی دفعات کسی بل کو مالی بل تصور کرتی ہیں؟ [/INST] کسی بل کو مالی بل تصور کیا جاتا ہے اگر اس میں کسی محصول کا عائد کرنا، منسوخ کرنا، اس میں تخفیف کرنا، کمی بیشی کرنا یا اسے منضبط کرنا؛ صوبائی حکومت کی جانب سے رقم بطور قرض لینا یا کوئی ضمانت دینا؛ صوبائی مجموعی فنڈ کی تحویل اور اس میں سے رقم کا اجراء؛ صوبائی مجموعی فنڈ پر کوئی وجوب عائد کرنا یا اس میں تبدیلی کرنا؛ صوبے کے سرکاری حساب میں رقم کی وصولی اور تحویل؛ اور ان سے متعلق کوئی ضمنی امر شامل ہوں۔ </s>,urdu,225
"<s>[INST] Can a Proclamation issued under this part be changed or canceled? [/INST] Yes, a Proclamation issued under this part can be varied or revoked by a subsequent Proclamation. </s>",eng,512
<s>[INST] کیا اس حصہ کے تحت جاری ہونے والا اعلان تبدیل یا منسوخ کیا جا سکتا ہے؟ [/INST] جی ہاں، اس حصہ کے تحت جاری ہونے والا اعلان بعد میں جاری ہونے والے اعلان سے تبدیل یا منسوخ کیا جا سکتا ہے۔ </s>,urdu,512
<s>[INST] How does the State plan to handle international disputes? [/INST] The State encourages the settlement of international disputes by peaceful means. </s>,eng,73
<s>[INST] ریاست بین الاقوامی تنازعات کو کس طرح حل کرنے کا ارادہ رکھتی ہے؟ [/INST] ریاست بین الاقوامی تنازعات کو پر امن طریقوں سے طے کرنے کی حوصلہ افزائی کرتی ہے۔ </s>,urdu,73
"<s>[INST] Can a Provincial Assembly change or cancel a law made by the Parliament for that province? [/INST] Yes, any law made by the Parliament for a province can be amended or repealed by an Act of the Assembly of that Province. </s>",eng,279
<s>[INST] کیا صوبائی اسمبلی پارلیمنٹ کے بنائے ہوئے قانون کو اس صوبے کے لیے تبدیل یا منسوخ کر سکتی ہے؟ [/INST] جی ہاں، پارلیمنٹ کے بنائے ہوئے کسی بھی قانون میں اس صوبے کی اسمبلی کے ایکٹ کے ذریعے ترمیم یا تنسیخ کی جاسکتی ہے۔ </s>,urdu,279
<s>[INST] What rights does a person have when they are arrested in Pakistan? [/INST] A person who is arrested has the right to be informed of the grounds for their arrest as soon as possible and the right to consult and be defended by a legal practitioner of their choice. </s>,eng,17
<s>[INST] پاکستان میں کسی شخص کو گرفتار ہونے پر کیا حقوق حاصل ہیں؟ [/INST] گرفتار ہونے والے شخص کو جلد از جلد گرفتاری کی وجوہات سے آگاہ کیا جائے گا اور اسے اپنی پسند کے کسی قانونی پیشہ ور سے مشورہ کرنے اور اس کے ذریعہ صفائی پیش کرنے کا حق حاصل ہوگا۔ </s>,urdu,17
<s>[INST] Who has the authority to amend the laws referred to in the Article? [/INST] The appropriate Legislature has the authority to amend the laws referred to in the Article. </s>,eng,588
<s>[INST] آرٹیکل میں محولہ قوانین میں ترمیم کرنے کا اختیار کس کے پاس ہے؟ [/INST] آرٹیکل میں محولہ قوانین میں ترمیم کرنے کا اختیار متعلقہ مجلس قانون ساز کے پاس ہے۔ </s>,urdu,588
"<s>[INST] Can the Supreme Court handle cases that fall under the jurisdiction of the Court mentioned in this article? [/INST] No, the Supreme Court cannot handle cases that fall under the jurisdiction of the Court mentioned in this article. </s>",eng,425
<s>[INST] کیا سپریم کورٹ اس آرٹیکل میں مذکور عدالت کے دائرہ اختیار میں آنے والے مقدمات کو سن سکتی ہے؟ [/INST] نہیں، سپریم کورٹ اس آرٹیکل میں مذکور عدالت کے دائرہ اختیار میں آنے والے مقدمات کو نہیں سن سکتی۔ </s>,urdu,425
"<s>[INST] Who can request the Court to examine if a law is against the Injunctions of Islam? [/INST] A citizen of Pakistan, the Federal Government, or a Provincial Government can request the Court to examine if a law is against the Injunctions of Islam. </s>",eng,413
<s>[INST] کون عدالت سے درخواست کر سکتا ہے کہ وہ یہ جائزہ لے کہ کوئی قانون اسلامی احکام کے خلاف ہے؟ [/INST] پاکستان کا کوئی شہری، وفاقی حکومت، یا صوبائی حکومت عدالت سے درخواست کر سکتے ہیں کہ وہ یہ جائزہ لے کہ کوئی قانون اسلامی احکام کے خلاف ہے۔ </s>,urdu,413
"<s>[INST] Can the provincial government authorize spending if the Provincial Assembly is not in session? [/INST] Yes, the provincial government can authorize spending from the Provincial Consolidated Fund for up to four months if the Provincial Assembly is dissolved. </s>",eng,246
<s>[INST] کیا صوبائی حکومت خرچ کی منظوری دے سکتی ہے اگر صوبائی اسمبلی کا اجلاس نہ ہو؟ [/INST] جی ہاں، اگر صوبائی اسمبلی ٹوٹی ہوئی ہو تو صوبائی حکومت صوبائی مجموعی فنڈ سے چار ماہ تک خرچ کی منظوری دے سکتی ہے۔ </s>,urdu,246
"<s>[INST] Are groups allowed to operate like military forces? [/INST] No, any private organisation capable of functioning as a military organisation shall be illegal. </s>",eng,551
<s>[INST] کیا گروپوں کو فوجی قوتوں کی طرح کام کرنے کی اجازت ہے؟ [/INST] نہیں، کوئی بھی نجی تنظیم جو کسی فوجی تنظیم کی حیثیت سے کام کرنے کے قابل ہو، خلاف قانون ہوگی۔ </s>,urdu,551
<s>[INST] How are the women members of the Senate elected? [/INST] Four women are elected by the members of each Provincial Assembly. </s>,eng,112
<s>[INST] سینیٹ کی خواتین ارکان کیسے منتخب ہوتی ہیں؟ [/INST] چار خواتین ہر ایک صوبائی اسمبلی کے ارکان منتخب کرتے ہیں۔ </s>,urdu,112
<s>[INST] Who has the authority to call a meeting of either House or both Houses of Parliament? [/INST] The President has the authority to summon either House or both Houses of Parliament. </s>,eng,100
<s>[INST] کسی ایک ایوان یا دونوں ایوانوں کا اجلاس طلب کرنے کا اختیار کس کے پاس ہے؟ [/INST] صدر کے پاس کسی ایک ایوان یا دونوں ایوانوں کا اجلاس طلب کرنے کا اختیار ہے۔ </s>,urdu,100
"<s>[INST] Are there any circumstances under which a provincial law that restricts trade can be valid? [/INST] Yes, a provincial law that imposes reasonable restrictions in the interest of public health, public order, morality, or for protecting animals or plants from disease, or preventing or alleviating any serious shortage of essential commodities, can be valid if it was made with the consent of the President. </s>",eng,292
<s>[INST] کیا کوئی ایسی صورت حال ہے جس میں تجارت پر پابندی لگانے والا صوبائی قانون جائز ہو سکتا ہے؟ [/INST] جی ہاں، کوئی صوبائی قانون جو صحت عامہ، امن عامہ، اخلاقیات، یا جانوروں یا پودوں کو بیماری سے محفوظ رکھنے، یا کسی ضروری شے کی شدید قلت کو روکنے یا کم کرنے کے مفاد میں مناسب پابندیاں عائد کرتا ہو، جائز ہو سکتا ہے اگر وہ صدر کی رضا مندی سے بنایا گیا ہو۔ </s>,urdu,292
"<s>[INST] What must the Court do if it decides a law is repugnant to the Injunctions of Islam? [/INST] The Court must notify the Federal or Provincial Government, provide reasons for its decision, specify the extent of the repugnance, and indicate the day the decision will take effect. </s>",eng,415
<s>[INST] اگر عدالت فیصلہ کرے کہ کوئی قانون اسلامی احکام کے منافی ہے تو عدالت کو کیا کرنا چاہیے؟ [/INST] عدالت کو وفاقی یا صوبائی حکومت کو مطلع کرنا چاہیے، اپنے فیصلے کی وجوہات بیان کرنی چاہیے، منافی ہونے کی حد کی وضاحت کرنی چاہیے، اور اس تاریخ کی نشاندہی کرنی چاہیے جس پر فیصلہ مؤثر ہوگا۔ </s>,urdu,415
<s>[INST] Who can ask the Supreme Court for an opinion on a legal matter of public importance? [/INST] The President can ask the Supreme Court for an opinion on a legal matter of public importance. </s>,eng,371
<s>[INST] عوامی اہمیت کے قانونی معاملے پر عدالت عظمیٰ سے رائے کون طلب کر سکتا ہے؟ [/INST] صدر عوامی اہمیت کے قانونی معاملے پر عدالت عظمیٰ سے رائے طلب کر سکتا ہے۔ </s>,urdu,371
"<s>[INST] What must a province do if it wants to raise a loan while having an outstanding loan from the Federal Government? [/INST] The province must obtain the consent of the Federal Government, which may impose conditions on granting this consent. </s>",eng,329
<s>[INST] اگر کسی صوبے کے ذمے وفاقی حکومت کا کوئی بقایا قرضہ ہو تو اسے نیا قرضہ حاصل کرنے کے لیے کیا کرنا ہوگا؟ [/INST] صوبے کو وفاقی حکومت کی رضامندی حاصل کرنی ہوگی، جو اس رضامندی کے لیے شرائط عائد کر سکتی ہے۔ </s>,urdu,329
"<s>[INST] Can High Courts hold circuit courts outside their principal seats? [/INST] Yes, High Courts can hold circuit courts at any place within their territorial jurisdiction, consisting of Judges nominated by the Chief Justice. </s>",eng,394
<s>[INST] کیا عدالتیں عالیہ اپنے صدر مقام کے علاوہ کہیں اور سرکٹ عدالتیں منعقد کر سکتی ہیں؟ [/INST] جی ہاں، عدالتیں عالیہ اپنے علاقائی دائرہ اختیار کے اندر کسی بھی مقام پر سرکٹ عدالتیں منعقد کر سکتی ہیں، جو چیف جسٹس کی طرف سے نامزد کردہ ججوں پر مشتمل ہوں گی۔ </s>,urdu,394
<s>[INST] What are the two components of the Parliament of Pakistan? [/INST] The two components of the Parliament of Pakistan are the National Assembly and the Senate. </s>,eng,92
<s>[INST] پاکستان کی پارلیمنٹ کے دو اجزاء کون سے ہیں؟ [/INST] پاکستان کی پارلیمنٹ کے دو اجزاء قومی اسمبلی اور سینیٹ ہیں۔ </s>,urdu,92
"<s>[INST] Can a person be a member of both the National Assembly and a Provincial Assembly at the same time? [/INST] No, a person cannot be a member of both the National Assembly and a Provincial Assembly at the same time. </s>",eng,479
<s>[INST] کیا کوئی شخص بیک وقت قومی اسمبلی اور صوبائی اسمبلی کا رکن ہوسکتا ہے؟ [/INST] نہیں، کوئی شخص بیک وقت قومی اسمبلی اور صوبائی اسمبلی کا رکن نہیں ہوسکتا۔ </s>,urdu,479
"<s>[INST] Under what circumstances can an appeal be made to the Supreme Court from a judgment of the Federal Shariat Court? [/INST] An appeal can be made to the Supreme Court from a judgment of the Federal Shariat Court if the Federal Shariat Court has reversed an order of acquittal and sentenced the accused to death or imprisonment for life or a term exceeding fourteen years, or if it has imposed any punishment for contempt of the Court. </s>",eng,424
<s>[INST] وفاقی شرعی عدالت کے فیصلے کے تحت کن حالات میں سپریم کورٹ میں اپیل کی جا سکتی ہے؟ [/INST] سپریم کورٹ میں اپیل اس وقت کی جا سکتی ہے جب وفاقی شرعی عدالت نے کسی ملزم کی بریت کے حکم کو منسوخ کر دیا ہو اور اسے موت کی سزا، عمر قید یا چودہ سال سے زائد مدت کی قید کی سزا دی ہو، یا اگر اس نے عدالت کی توہین پر کوئی سزا دی ہو۔ </s>,urdu,424
"<s>[INST] How many judges can the Federal Shariat Court have? [/INST] The Federal Shariat Court can have not more than eight judges, including the Chief Justice. </s>",eng,410
<s>[INST] وفاقی شرعی عدالت میں کتنے جج ہو سکتے ہیں؟ [/INST] وفاقی شرعی عدالت میں چیف جسٹس سمیت زیادہ سے زیادہ آٹھ جج ہو سکتے ہیں۔ </s>,urdu,410
<s>[INST] How can the Prime Minister perform his functions under the Constitution? [/INST] The Prime Minister may act either directly or through the Federal Minister in the performance of his functions under the Constitution. </s>,eng,181
<s>[INST] وزیراعظم دستور کے تحت اپنے کارہائے منصبی کیسے بجا لا سکتا ہے؟ [/INST] وزیراعظم دستور کے تحت اپنے کارہائے منصبی خواہ بلا واسطہ یا وفاقی وزراء کے ذریعے بجا لا سکتا ہے۔ </s>,urdu,181
"<s>[INST] Can a Money Bill affecting the State Bank of Pakistan be introduced in Parliament without any approval? [/INST] No, it cannot be introduced or moved in Parliament without the consent of the Federal Government. </s>",eng,148
<s>[INST] کیا بینک دولت پاکستان پر اثر انداز ہونے والا مالی بل پارلیمنٹ میں بغیر کسی منظوری کے پیش کیا جا سکتا ہے؟ [/INST] نہیں، اسے وفاقی حکومت کی مرضی کے بغیر پارلیمنٹ میں پیش یا تحریک نہیں کی جا سکتی۔ </s>,urdu,148
"<s>[INST] Does the press in Pakistan have unrestricted freedom? [/INST] No, the freedom of the press in Pakistan is subject to reasonable restrictions imposed by law in the interest of the glory of Islam, the integrity, security or defence of Pakistan, friendly relations with foreign States, public order, decency or morality, or in relation to contempt of court, commission of or incitement to an offence. </s>",eng,35
<s>[INST] کیا پاکستان میں پریس کو غیر محدود آزادی حاصل ہے؟ [/INST] نہیں، پاکستان میں پریس کی آزادی قانون کے ذریعے عائد کردہ مناسب پابندیوں کے تابع ہے، جو اسلام کی عظمت، پاکستان کی سالمیت، سلامتی یا دفاع، غیر ممالک کے ساتھ دوستانہ تعلقات، امن عامہ، تہذیب یا اخلاق، یا توہین عدالت، کسی جرم کے ارتکاب یا اس کی ترغیب سے متعلق ہوں۔ </s>,urdu,35
"<s>[INST] Who is included in the definition of ""Chief Justice"" in relation to the Supreme Court or a High Court? [/INST] The term ""Chief Justice"" includes the Judge for the time being acting as Chief Justice of the Court. </s>",eng,558
<s>[INST] عدالت عظمیٰ یا کسی عدالت عالیہ کے سلسلے میں 'چیف جسٹس' کی تعریف میں کون شامل ہے؟ [/INST] 'چیف جسٹس' میں وہ جج شامل ہے جو فی الوقت عدالت کے چیف جسٹس کے طور پر کام کر رہا ہو۔ </s>,urdu,558
"<s>[INST] Do citizens have the right to access information on public matters in Pakistan? [/INST] Yes, every citizen has the right to access information in all matters of public importance, subject to regulation and reasonable restrictions imposed by law. </s>",eng,36
<s>[INST] کیا پاکستان میں شہریوں کو عوامی معاملات کی معلومات تک رسائی کا حق حاصل ہے؟ [/INST] جی ہاں، ہر شہری کو عوامی اہمیت کی حامل تمام معلومات تک رسائی کا حق حاصل ہے، قانون کے ذریعے عائد کردہ مناسب پابندیوں اور ضوابط کے تابع۔ </s>,urdu,36
"<s>[INST] What powers does the Auditor-General have regarding incomplete or unaudited accounts before the commencing day? [/INST] The Auditor-General has the same powers and functions in relation to incomplete or unaudited accounts before the commencing day as he does for other accounts, with necessary modifications as per Article 171. </s>",eng,615
<s>[INST] یوم آغاز سے قبل نامکمل یا غیر محاسبہ شدہ حسابات کے بارے میں محاسب اعلیٰ کے کیا اختیارات ہیں؟ [/INST] محاسب اعلیٰ کے پاس یوم آغاز سے قبل نامکمل یا غیر محاسبہ شدہ حسابات کے بارے میں وہی اختیارات اور کارہائے منصبی ہیں جو دیگر حسابات کے لیے ہیں، آرٹیکل ۱۷۱ کے مطابق ضروری تغیر و تبدل کے ساتھ۔ </s>,urdu,615
"<s>[INST] Can criminal proceedings be started against the President or a Governor while they are in office? [/INST] No, criminal proceedings whatsoever shall not be instituted or continued against the President or a Governor in any court during his term of office. </s>",eng,535
<s>[INST] کیا صدر یا گورنر کے خلاف ان کے عہدے کی میعاد کے دوران فوجداری مقدمات قائم کئے جا سکتے ہیں؟ [/INST] نہیں، صدر یا گورنر کے خلاف ان کے عہدے کی میعاد کے دوران کسی عدالت میں کوئی فوجداری مقدمات نہ قائم کئے جائیں گے اور نہ جاری رکھے جائیں گے۔ </s>,urdu,535
"<s>[INST] Can a Provincial Assembly create laws for its own province? [/INST] Yes, a Provincial Assembly can make laws for the province or any part thereof. </s>",eng,273
<s>[INST] کیا صوبائی اسمبلی اپنے صوبے کے لیے قوانین بنا سکتی ہے؟ [/INST] جی ہاں، صوبائی اسمبلی صوبے یا اس کے کسی حصے کے لیے قوانین بنا سکتی ہے۔ </s>,urdu,273
<s>[INST] Who is responsible for appointing the Chairman of the Public Service Commission for a Province? [/INST] The Chairman of the Public Service Commission for a Province is appointed by the Governor on the advice of the Chief Minister. </s>,eng,524
<s>[INST] صوبے کے پبلک سروس کمیشن کے چیئرمین کے تقرر کی ذمہ داری کس پر ہے؟ [/INST] صوبے کے پبلک سروس کمیشن کے چیئرمین کا تقرر گورنر وزیر اعلیٰ کے مشورے پر کرے گا۔ </s>,urdu,524
<s>[INST] What must be provided as security for the federal government's borrowing? [/INST] The Federal Consolidated Fund must be provided as security for the federal government's borrowing. </s>,eng,326
<s>[INST] وفاقی حکومت کے قرض کے لیے کس چیز کو ضمانت کے طور پر فراہم کرنا ضروری ہے؟ [/INST] وفاقی مجموعی فنڈ کو وفاقی حکومت کے قرض کے لیے ضمانت کے طور پر فراہم کرنا ضروری ہے۔ </s>,urdu,326
"<s>[INST] Can an Ordinance be extended beyond its initial period? [/INST] Yes, the National Assembly or either House can extend an Ordinance for a further period of one hundred and twenty days by passing a resolution, but this extension can only be made once. </s>",eng,179
<s>[INST] کیا آرڈیننس کی ابتدائی مدت سے زیادہ توسیع کی جا سکتی ہے؟ [/INST] جی ہاں، قومی اسمبلی یا کوئی بھی ایوان قرارداد پاس کر کے آرڈیننس کی مزید ایک سو بیس دن کے لیے توسیع کر سکتا ہے، لیکن یہ توسیع صرف ایک مرتبہ کی جا سکتی ہے۔ </s>,urdu,179
<s>[INST] Who appoints the Chairman of the Public Service Commission for the Federation? [/INST] The Chairman of the Public Service Commission for the Federation is appointed by the President on the advice of the Prime Minister. </s>,eng,523
<s>[INST] وفاق کے پبلک سروس کمیشن کے چیئرمین کا تقرر کون کرتا ہے؟ [/INST] وفاق کے پبلک سروس کمیشن کے چیئرمین کا تقرر صدر وزیر اعظم کے مشورے پر کرتا ہے۔ </s>,urdu,523
<s>[INST] How often is the Council required to meet? [/INST] The Council is required to meet at least once in ninety days. </s>,eng,297
<s>[INST] کونسل کتنی بار اجلاس کرنے کی پابند ہے؟ [/INST] کونسل کم از کم نوے ایام میں ایک بار اجلاس کرنے کی پابند ہے۔ </s>,urdu,297
<s>[INST] How long does an Ordinance remain in effect before it is repealed? [/INST] An Ordinance remains in effect for one hundred and twenty days from its promulgation unless a resolution disapproving it is passed before that period. </s>,eng,178
<s>[INST] آرڈیننس کتنے عرصے تک نافذ رہتا ہے قبل اس کے کہ اسے منسوخ کیا جائے؟ [/INST] آرڈیننس اپنے نفاذ سے ایک سو بیس دن تک نافذ رہتا ہے جب تک کہ اس مدت سے قبل اس کی نامنظوری کی قرارداد پاس نہ ہو جائے۔ </s>,urdu,178
"<s>[INST] Can laws made under the Proclamation of Emergency be challenged in court for being inconsistent with certain rights? [/INST] No, any law, rule, or order made under the Proclamation of Emergency shall not be called in question in any Court on the ground of inconsistency with any of the rights conferred by Chapter I of Part II. </s>",eng,618
<s>[INST] کیا ہنگامی حالت کے اعلان کے تحت بنائے گئے قوانین کو عدالت میں بعض حقوق سے عدم مطابقت کی بناء پر چیلنج کیا جا سکتا ہے؟ [/INST] نہیں، ہنگامی حالت کے اعلان کے تحت بنائے گئے کسی بھی قانون، قاعدہ یا حکم پر حصہ دوم کے باب ۱ کی رو سے عطا کردہ حقوق میں سے کسی سے عدم مطابقت کی بناء پر کسی عدالت میں اعتراض نہیں کیا جائے گا۔ </s>,urdu,618
"<s>[INST] Can any legal action be taken against authorities or individuals for actions taken under the powers mentioned in the Article? [/INST] No, no suit, prosecution, or other legal proceedings shall lie in any court against any authority or person for actions taken under the powers mentioned in the Article. </s>",eng,587
<s>[INST] کیا آرٹیکل میں مذکور اختیارات کے تحت کی گئی کارروائیوں کے لئے حکام یا افراد کے خلاف کوئی قانونی کارروائی کی جا سکتی ہے؟ [/INST] نہیں، آرٹیکل میں مذکور اختیارات کے تحت کی گئی کارروائیوں کے لئے کسی بھی عدالت میں حکام یا افراد کے خلاف کوئی مقدمہ، استغاثہ یا دیگر قانونی کارروائی قابل سماعت نہیں ہوگی۔ </s>,urdu,587
"<s>[INST] Does missing a deadline specified by the Constitution make an action invalid? [/INST] No, missing a deadline specified by the Constitution does not make an action invalid. </s>",eng,547
<s>[INST] کیا دستور میں مقرر کردہ مدت کی خلاف ورزی کسی عمل کو کالعدم بناتی ہے؟ [/INST] نہیں، دستور میں مقرر کردہ مدت کی خلاف ورزی کسی عمل کو کالعدم نہیں بناتی۔ </s>,urdu,547
<s>[INST] How long is the term for the Commissioner and members? [/INST] The Commissioner and members hold office for a term of five years from the day they enter upon their office. </s>,eng,463
<s>[INST] کمشنر اور اراکین کی مدت کتنی ہوتی ہے؟ [/INST] کمشنر اور اراکین اپنا عہدہ سنبھالنے کی تاریخ سے پانچ سال کی مدت تک اپنے عہدے پر فائز رہتے ہیں۔ </s>,urdu,463
"<s>[INST] Can the National Assembly approve funds before the full budget process is completed? [/INST] Yes, the National Assembly can approve funds in advance for up to four months before the full budget process is completed. </s>",eng,169
<s>[INST] کیا قومی اسمبلی مکمل بجٹ عمل کی تکمیل سے پہلے فنڈز کی منظوری دے سکتی ہے؟ [/INST] جی ہاں، قومی اسمبلی مکمل بجٹ عمل کی تکمیل سے پہلے چار ماہ تک کے لیے پیشگی فنڈز کی منظوری دے سکتی ہے۔ </s>,urdu,169
"<s>[INST] Who is responsible for making the rules for the appointment of officers and staff for the Election Commission? [/INST] The Election Commission, with the approval of the President, is responsible for making the rules for the appointment of officers and staff. </s>",eng,476
<s>[INST] الیکشن کمیشن کے افسران اور عملہ کے تقرر کے قواعد بنانے کی ذمہ داری کس پر ہے؟ [/INST] الیکشن کمیشن، صدر کی منظوری سے، افسران اور عملہ کے تقرر کے قواعد بنانے کی ذمہ داری رکھتا ہے۔ </s>,urdu,476
"<s>[INST] Who are the members of the Finance Committee? [/INST] The Finance Committee consists of the Speaker or the Chairman, the Minister of Finance, and other members elected by the National Assembly or the Senate. </s>",eng,176
<s>[INST] مالیاتی کمیٹی کے ارکان کون ہیں؟ [/INST] مالیاتی کمیٹی اسپیکر یا چیئرمین، وزیر مالیات، اور دیگر ارکان پر مشتمل ہوتی ہے جنہیں قومی اسمبلی یا سینیٹ منتخب کرتی ہے۔ </s>,urdu,176
<s>[INST] Who needs to approve the rules for appointing officers and servants of the Supreme Court? [/INST] The President needs to approve the rules for appointing officers and servants of the Supreme Court. </s>,eng,444
<s>[INST] سپریم کورٹ کے افسران اور ملازمین کے تقرر کے قواعد کی منظوری کون دیتا ہے؟ [/INST] سپریم کورٹ کے افسران اور ملازمین کے تقرر کے قواعد کی منظوری صدر دیتا ہے۔ </s>,urdu,444
<s>[INST] What happens if a Province incurs extra costs due to powers and duties conferred by the Federation? [/INST] The Federation will pay the Province a sum agreed upon or determined by an arbitrator appointed by the Chief Justice of Pakistan for any extra costs of administration incurred. </s>,eng,283
<s>[INST] اگر کسی صوبے کو وفاق کی طرف سے تفویض کردہ اختیارات اور فرائض کی وجہ سے زائد اخراجات کا سامنا کرنا پڑے تو کیا ہوگا؟ [/INST] وفاق صوبے کو ایسی رقم ادا کرے گا جو آپس میں طے ہو جائے یا، طے نہ ہونے کی صورت میں، ایسی رقم جو چیف جسٹس پاکستان کے مقرر کردہ کسی ثالث کی طرف سے متعین کی جائے، تاکہ کسی زائد انتظامی اخراجات کی تلافی ہو سکے۔ </s>,urdu,283
"<s>[INST] Can the validity of an order or instrument made in the President's name be questioned in court? [/INST] No, the validity of any order or instrument made in the President's name cannot be questioned in any court on the ground that it was not made or executed by the President. </s>",eng,195
<s>[INST] کیا صدر کے نام سے جاری کردہ کسی حکم یا دستاویز کے جواز کو عدالت میں چیلنج کیا جا سکتا ہے؟ [/INST] نہیں، صدر کے نام سے جاری کردہ کسی بھی حکم یا دستاویز کے جواز کو اس بنیاد پر کسی عدالت میں چیلنج نہیں کیا جا سکتا کہ اسے صدر نے مرتب یا جاری نہیں کیا تھا۔ </s>,urdu,195
"<s>[INST] What must the President and the Governors do each year regarding the Principles of Policy? [/INST] The President and the Governors must prepare and lay before each House of Majlis-e-Shoora (Parliament) or the Provincial Assembly a report on the observance and implementation of the Principles of Policy, and provision must be made in the rules of procedure for discussion on such a report. </s>",eng,56
<s>[INST] صدر اور گورنرز کو ہر سال حکمت عملی کے اصولوں کے بارے میں کیا کرنا چاہیے؟ [/INST] صدر اور گورنرز کو حکمت عملی کے اصولوں پر عمل کرنے اور ان کی تعمیل کرنے کے بارے میں ایک رپورٹ تیار کر کے مجلس شوریٰ کے ہر ایک ایوان پارلیمنٹ یا صوبائی اسمبلی کے سامنے پیش کرنی چاہیے، اور مذکورہ رپورٹ پر بحث کے لیے قواعد ضابطہ کار میں گنجائش رکھی جانی چاہیے۔ </s>,urdu,56
<s>[INST] When can an elected person start participating in the activities of a House? [/INST] An elected person can start participating in the activities of a House only after making an oath before the House in the form set out in the Third Schedule. </s>,eng,129
<s>[INST] ایک منتخب شدہ شخص کب ایوان کی سرگرمیوں میں حصہ لینا شروع کر سکتا ہے؟ [/INST] ایک منتخب شدہ شخص ایوان کے سامنے جدول سوم میں مندرج عبارت میں حلف اٹھانے کے بعد ہی ایوان کی سرگرمیوں میں حصہ لینا شروع کر سکتا ہے۔ </s>,urdu,129
"<s>[INST] Can both the Parliament and Provincial Assemblies make laws regarding criminal law and procedure? [/INST] Yes, both Majlis-e-Shoora (Parliament) and a Provincial Assembly have the power to make laws with respect to criminal law, criminal procedure, and evidence. </s>",eng,275
<s>[INST] کیا پارلیمنٹ اور صوبائی اسمبلیاں فوجداری قانون اور ضابطہ کے بارے میں قوانین بنا سکتی ہیں؟ [/INST] جی ہاں، مجلس شوریٰ (پارلیمنٹ) اور صوبائی اسمبلی دونوں کو فوجداری قانون، ضابطہ فوجداری اور شہادت کے بارے میں قوانین وضع کرنے کا اختیار ہے۔ </s>,urdu,275
"<s>[INST] What are the qualifications required for a person to be appointed as a Governor? [/INST] A person must be qualified to be elected as a member of the National Assembly, be at least thirty-five years old, and be a registered voter and resident of the concerned Province. </s>",eng,199
<s>[INST] کسی شخص کو گورنر مقرر کرنے کے لیے کیا اہلیت درکار ہے؟ [/INST] کسی شخص کو گورنر مقرر کرنے کے لیے ضروری ہے کہ وہ قومی اسمبلی کا رکن منتخب ہونے کا اہل ہو، کم از کم پینتیس سال کا ہو، اور متعلقہ صوبے کا درج شدہ رائے دہندہ اور رہائشی ہو۔ </s>,urdu,199
<s>[INST] What is the maximum number of days that can pass between the last sitting of one session and the first sitting of the next session of the National Assembly? [/INST] Not more than one hundred and twenty days shall intervene between the last sitting of the Assembly in one session and the date appointed for its first sitting in the next session. </s>,eng,102
<s>[INST] قومی اسمبلی کے ایک اجلاس کی آخری نشست اور اگلے اجلاس کی پہلی نشست کے درمیان زیادہ سے زیادہ کتنے دن کا وقفہ ہو سکتا ہے؟ [/INST] اسمبلی کے ایک اجلاس کی آخری نشست اور اگلے اجلاس کی پہلی نشست کے لیے مقرر کردہ تاریخ کے درمیان ایک سو بیس دن سے زیادہ کا وقفہ نہیں ہوگا۔ </s>,urdu,102
<s>[INST] What happens if money is spent beyond the allocated amount for a service during a financial year? [/INST] The Federal Government can authorize the excess expenditure from the Federal Consolidated Fund and must present an Excess Budget Statement to the National Assembly. </s>,eng,168
<s>[INST] اگر کسی مالی سال کے دوران کسی خدمت پر مختص کردہ رقم سے زائد رقم خرچ ہو جائے تو کیا ہوتا ہے؟ [/INST] وفاقی حکومت زائد خرچ کی منظوری وفاقی مجموعی فنڈ سے دے سکتی ہے اور قومی اسمبلی کے سامنے زائد کیفیت نامہ میزانیہ پیش کرنا ضروری ہے۔ </s>,urdu,168
"<s>[INST] What entities are included in the definition of ""the State"" in this context? [/INST] ""The State"" includes the Federal Government, Majlis-e-Shoora (Parliament), a Provincial Government, a Provincial Assembly, and local or other authorities in Pakistan empowered by law to impose any tax or cess. </s>",eng,11
<s>[INST] اس سیاق و سباق میں 'مملکت' کی تعریف میں کون کون سی ادارے شامل ہیں؟ [/INST] 'مملکت' میں وفاقی حکومت، مجلس شوریٰ (پارلیمنٹ)، کوئی صوبائی حکومت، کوئی صوبائی اسمبلی، اور پاکستان میں ایسی مقامی یا دیگر اتھارٹیز شامل ہیں جن کو بقانون کوئی محصول یا چنگی عائد کرنے کا اختیار حاصل ہو۔ </s>,urdu,11
<s>[INST] How are the general seats in a Provincial Assembly filled? [/INST] The general seats in a Provincial Assembly are filled by direct and free vote in single member territorial constituencies. </s>,eng,209
<s>[INST] صوبائی اسمبلی میں عام نشستیں کیسے پُر کی جاتی ہیں؟ [/INST] صوبائی اسمبلی میں عام نشستیں ایک رکنی علاقائی حلقوں میں بلا واسطہ اور آزادانہ ووٹ کے ذریعے پُر کی جاتی ہیں۔ </s>,urdu,209
"<s>[INST] What are the qualifications required for someone to be elected as President of Pakistan? [/INST] A person must be a Muslim, at least forty-five years old, and qualified to be elected as a member of the National Assembly. </s>",eng,75
<s>[INST] پاکستان کے صدر کے انتخاب کے لیے کیا شرائط ہیں؟ [/INST] ایک شخص کا مسلمان ہونا، کم از کم پینتالیس سال کی عمر کا ہونا، اور قومی اسمبلی کا رکن منتخب ہونے کا اہل ہونا ضروری ہے۔ </s>,urdu,75
"<s>[INST] What happens to the right to move any court for the enforcement of Fundamental Rights during an emergency? [/INST] During an emergency, the President may declare that the right to move any court for the enforcement of certain Fundamental Rights shall remain suspended for the period the emergency is in force. </s>",eng,505
<s>[INST] ہنگامی حالت کے دوران بنیادی حقوق کے نفاذ کے لیے کسی عدالت سے رجوع کرنے کے حق کا کیا ہوتا ہے؟ [/INST] ہنگامی حالت کے دوران، صدر یہ اعلان کر سکتا ہے کہ بنیادی حقوق کے نفاذ کے لیے کسی عدالت سے رجوع کرنے کا حق اس مدت کے لیے معطل رہے گا جس کے دوران ہنگامی حالت نافذ العمل رہے۔ </s>,urdu,505
"<s>[INST] What happens to legal cases that were the responsibility of the Federation but have now become the responsibility of a Province under the Constitution? [/INST] Such legal cases shall be brought by or against the Province concerned, and if any such legal proceedings were pending in any court immediately before the commencing day, the Province shall be deemed to have been substituted for the Federation from that day. </s>",eng,536
<s>[INST] ایسے قانونی مقدمات کا کیا ہوتا ہے جو وفاق کی ذمہ داری تھے لیکن دستور کے تحت اب کسی صوبے کی ذمہ داری بن گئے ہیں؟ [/INST] ایسے قانونی مقدمات متعلقہ صوبے کی طرف سے یا اس کے خلاف کیے جائیں گے، اور اگر یوم آغاز سے عین قبل کوئی مذکورہ قانونی کارروائی کسی عدالت میں تصفیہ طلب تھی تو اس صورت میں اس کارروائی میں اس دن سے وفاق کی بجائے متعلقہ صوبے کا تبدیل کیا جانا متصور ہوگا۔ </s>,urdu,536
<s>[INST] Who appoints the Advocate General for a Province? [/INST] The Governor of each Province appoints the Advocate General for the Province. </s>,eng,268
<s>[INST] صوبے کے لیے ایڈووکیٹ جنرل کو کون مقرر کرتا ہے؟ [/INST] ہر صوبے کا گورنر صوبے کے لیے ایڈووکیٹ جنرل مقرر کرتا ہے۔ </s>,urdu,268
<s>[INST] What happens to the existing rules and orders before new laws are made by the Legislature? [/INST] The existing rules and orders will continue in force as long as they are consistent with the provisions of the Constitution. </s>,eng,521
<s>[INST] نئے قوانین مقننہ کے ذریعہ بنائے جانے سے پہلے موجودہ قواعد و احکام کا کیا ہوگا؟ [/INST] موجودہ قواعد و احکام اس وقت تک نافذ العمل رہیں گے جب تک وہ آئین کی دفعات کے مطابق ہوں۔ </s>,urdu,521
<s>[INST] What are the qualifications required for someone to be appointed as a Judge of the Supreme Court in Pakistan? [/INST] A person must be a citizen of Pakistan and either have been a judge of a High Court for at least five years or have been an advocate of a High Court for at least fifteen years. </s>,eng,353
<s>[INST] پاکستان میں کسی شخص کو عدالت عظمیٰ کا جج مقرر کرنے کے لئے کیا شرائط ہیں؟ [/INST] کسی شخص کو عدالت عظمیٰ کا جج مقرر کرنے کے لئے ضروری ہے کہ وہ پاکستان کا شہری ہو اور کم از کم پانچ سال تک کسی عدالت عالیہ کا جج رہا ہو یا کم از کم پندرہ سال تک کسی عدالت عالیہ کا وکیل رہا ہو۔ </s>,urdu,353
"<s>[INST] What can a member do if they are unhappy with the Election Commission's decision confirming their defection? [/INST] If a member is unhappy with the Election Commission's decision confirming their defection, they can appeal to the Supreme Court within thirty days, and the Supreme Court must decide the matter within ninety days from the date of the filing of the appeal. </s>",eng,126
<s>[INST] اگر کوئی رکن الیکشن کمیشن کے فیصلے سے ناراض ہو جو اس کے انحراف کی توثیق کرتا ہے تو وہ کیا کر سکتا ہے؟ [/INST] اگر کوئی رکن الیکشن کمیشن کے فیصلے سے ناراض ہو جو اس کے انحراف کی توثیق کرتا ہے، تو وہ تیس دن کے اندر عدالت عظمیٰ میں اپیل کر سکتا ہے، اور عدالت عظمیٰ اپیل داخل کرنے کی تاریخ سے نوے دن کے اندر اس معاملے کا فیصلہ کرے گی۔ </s>,urdu,126
<s>[INST] For how long can the Federal Government authorize expenditure when the National Assembly is dissolved? [/INST] The Federal Government may authorize expenditure for a period not exceeding four months in any financial year. </s>,eng,172
<s>[INST] قومی اسمبلی کے تحلیل ہونے پر وفاقی حکومت کتنے عرصے کے لیے خرچ کی منظوری دے سکتی ہے؟ [/INST] وفاقی حکومت کسی مالی سال میں چار ماہ سے زائد عرصے کے لیے خرچ کی منظوری نہیں دے سکتی۔ </s>,urdu,172
"<s>[INST] Who is responsible for prescribing the form and principles for keeping the accounts of the Federation and Provinces? [/INST] The Auditor-General, with the approval of the President, is responsible for prescribing the form and principles for keeping the accounts of the Federation and Provinces. </s>",eng,335
<s>[INST] وفاق اور صوبوں کے حسابات رکھنے کے اصول اور شکل مقرر کرنے کا ذمہ دار کون ہے؟ [/INST] وفاق اور صوبوں کے حسابات رکھنے کے اصول اور شکل مقرر کرنے کا ذمہ دار محاسب اعلیٰ ہے، جو صدر کی منظوری سے یہ کام انجام دیتا ہے۔ </s>,urdu,335
"<s>[INST] What should be done if there is a problem in implementing the Eighteenth Amendment Act, 2010? [/INST] If there is a problem in implementing the Eighteenth Amendment Act, 2010, the matter should be laid before both Houses in a joint sitting, which may direct by a resolution that the provisions of the Act have effect, subject to necessary adaptations. </s>",eng,573
<s>[INST] اگر اٹھارویں ترمیم ایکٹ، 2010 کے نفاذ میں کوئی مسئلہ پیش آئے تو کیا کرنا چاہیے؟ [/INST] اگر اٹھارویں ترمیم ایکٹ، 2010 کے نفاذ میں کوئی مسئلہ پیش آئے تو معاملے کو مشترکہ اجلاس میں دونوں ایوانوں کے روبرو پیش کیا جائے گا جو کہ قرارداد کے ذریعے یہ ہدایت کر سکیں گے کہ ایکٹ کے احکامات، ضروری تطبیق کے تحت مؤثر ہوں۔ </s>,urdu,573
<s>[INST] When was the proclamation of withdrawal of Martial Law issued? [/INST] The proclamation of withdrawal of Martial Law was issued on 30-12-85. </s>,eng,455
<s>[INST] مارشل لاء اٹھانے کا اعلان کب جاری کیا گیا؟ [/INST] مارشل لاء اٹھانے کا اعلان ۳۰ دسمبر ۱۹۸۵ء کو جاری کیا گیا۔ </s>,urdu,455
<s>[INST] Who has the authority to borrow money on behalf of the federal government? [/INST] The executive authority of the Federation has the authority to borrow money on behalf of the federal government. </s>,eng,325
<s>[INST] وفاقی حکومت کی طرف سے قرض لینے کا اختیار کس کے پاس ہے؟ [/INST] وفاق کا عاملانہ اختیار وفاقی حکومت کی طرف سے قرض لینے کا اختیار رکھتا ہے۔ </s>,urdu,325
"<s>[INST] Can members of the care-taker Cabinets contest in the next elections? [/INST] No, members of the care-taker Cabinets, including the care-taker Prime Minister and the care-taker Chief Minister, and their immediate family members are not eligible to contest the immediately following elections to such Assemblies. </s>",eng,484
<s>[INST] کیا نگران کابینہ کے اراکین اگلے انتخابات میں حصہ لے سکتے ہیں؟ [/INST] نہیں، نگران کابینہ کے اراکین بشمول نگران وزیراعظم اور نگران وزیراعلیٰ اور ان کے قریبی خاندان کے افراد مذکورہ اسمبلیوں کے فی الفور آنے والے الیکشنوں میں مقابلہ کرنے کے قابل نہ ہوں گے۔ </s>,urdu,484
"<s>[INST] Can the President of Pakistan hold another job that pays for services rendered? [/INST] No, the President shall not hold any office of profit in the service of Pakistan or occupy any other position carrying the right to remuneration for the rendering of services. </s>",eng,78
<s>[INST] کیا پاکستان کا صدر کوئی اور ملازمت کر سکتا ہے جو خدمات کے بدلے معاوضہ دیتی ہو؟ [/INST] نہیں، صدر پاکستان کی ملازمت میں کسی منفعت بخش عہدے پر فائز نہیں ہوگا اور نہ کوئی دوسری حیثیت اختیار کرے گا جو خدمات کے صلہ میں معاوضہ کے حق کی حامل ہو۔ </s>,urdu,78
"<s>[INST] What happens to the powers of the Provincial Assembly when the President issues a Proclamation? [/INST] When the President issues a Proclamation, the powers of the Provincial Assembly become exercisable by, or under the authority of, the Majlis-e-Shoora (Parliament). </s>",eng,508
<s>[INST] جب صدر اعلان جاری کرتا ہے تو صوبائی اسمبلی کے اختیارات کا کیا ہوتا ہے؟ [/INST] جب صدر اعلان جاری کرتا ہے تو صوبائی اسمبلی کے اختیارات مجلس شوریٰ (پارلیمنٹ) کے تحت یا اس کے اختیار سے استعمال کیے جاتے ہیں۔ </s>,urdu,508
"<s>[INST] How are orders made during an emergency period approved? [/INST] Orders made during an emergency period must be laid before both houses of Majlis-e-Shoora (Parliament) separately for approval, and the provisions of clauses (7) and (8) of Article 232 apply to such orders as they do to a Proclamation of Emergency. </s>",eng,506
<s>[INST] ہنگامی حالت کی مدت کے دوران صادر کردہ فرامین کی منظوری کیسے دی جاتی ہے؟ [/INST] ہنگامی حالت کی مدت کے دوران صادر کردہ فرامین کو جتنی جلد ممکن ہو، مجلس شوریٰ (پارلیمنٹ) کے دونوں ایوانوں میں علیحدہ علیحدہ منظوری کے لیے پیش کیا جائے گا اور آرٹیکل 232 کی شق 7 اور 8 کے احکام کا اطلاق ایسے فرامین پر اس طرح ہو گا جس طرح ان کا اطلاق ہنگامی حالت کے اعلان پر ہوتا ہے۔ </s>,urdu,506
"<s>[INST] Are new laws allowed to contradict the principles of Islam according to the Holy Quran and Sunnah? [/INST] No, new laws shall not be enacted which are repugnant to the Injunctions of Islam as laid down in the Holy Quran and Sunnah. </s>",eng,490
<s>[INST] کیا نئے قوانین قرآن پاک اور سنت کے اصولوں کے منافی ہو سکتے ہیں؟ [/INST] نہیں، نئے قوانین وضع نہیں کیے جائیں گے جو قرآن پاک اور سنت کے احکام کے منافی ہوں۔ </s>,urdu,490
"<s>[INST] Can a Judge from the Supreme Court be appointed as acting Chief Justice of a High Court? [/INST] Yes, the President may request one of the Judges of the Supreme Court to act as Chief Justice of a High Court. </s>",eng,390
<s>[INST] کیا عدالت عظمیٰ کے جج کو عدالت عالیہ کے قائم مقام چیف جسٹس کے طور پر مقرر کیا جا سکتا ہے؟ [/INST] جی ہاں، صدر عدالت عظمیٰ کے ججوں میں سے کسی سے درخواست کر سکتا ہے کہ وہ عدالت عالیہ کے چیف جسٹس کے طور پر کام کرے۔ </s>,urdu,390
"<s>[INST] What happens to the revenues and loans received by the Federal Government? [/INST] All revenues received by the Federal Government, all loans raised by that Government, and all moneys received by it in repayment of any loan, shall form part of a consolidated fund, known as the Federal Consolidated Fund. </s>",eng,155
<s>[INST] وفاقی حکومت کے وصول شدہ محاصل اور قرضوں کا کیا ہوتا ہے؟ [/INST] وفاقی حکومت کے وصول شدہ تمام محاصل، اس حکومت کے جاری کردہ جملہ قرضے اور کسی قرض کی واپسی کے سلسلہ میں اس سے وصول ہونے والی تمام رقوم، ایک مجموعی فنڈ کا حصہ بنیں گی جس کا نام وفاقی مجموعی فنڈ ہوگا۔ </s>,urdu,155
"<s>[INST] Is the Court allowed to change an acquittal to a conviction? [/INST] No, the Court is not authorized to convert a finding of acquittal into one of conviction. </s>",eng,417
<s>[INST] کیا عدالت کو بریت کو سزا میں تبدیل کرنے کی اجازت ہے؟ [/INST] نہیں، عدالت کو کسی تجویز برأت کو تجویز سزا یابی میں بدلنے کا اختیار نہیں ہے۔ </s>,urdu,417
"<s>[INST] Are members of the Parliament subject to court jurisdiction for their actions in regulating procedures or maintaining order? [/INST] No, members of the Parliament who have powers for regulating procedure or maintaining order shall not be subject to the jurisdiction of any court in respect of the exercise of those powers. </s>",eng,137
<s>[INST] کیا پارلیمنٹ کے اراکین ضابطہ کار کو منضبط کرنے یا نظم برقرار رکھنے کے اپنے اقدامات کے لئے عدالت کے دائرہ اختیار کے تابع ہیں؟ [/INST] نہیں، پارلیمنٹ کے وہ اراکین جنہیں ضابطہ کار کو منضبط کرنے یا نظم برقرار رکھنے کے اختیارات دیئے گئے ہوں، ان اختیارات کے استعمال کی نسبت کسی عدالت کے اختیار سماعت کے تابع نہیں ہوں گے۔ </s>,urdu,137
"<s>[INST] What are the qualifications required for someone to be appointed as a Judge of a High Court in Pakistan? [/INST] To be appointed as a Judge of a High Court in Pakistan, a person must be a citizen of Pakistan, at least forty-five years old, and must have either been an advocate of a High Court for at least ten years, a member of a civil service for at least ten years with three years as a District Judge, or held a judicial office in Pakistan for at least ten years. </s>",eng,385
<s>[INST] پاکستان میں کسی شخص کو عدالت عالیہ کا جج مقرر کرنے کے لیے کیا شرائط ہیں؟ [/INST] پاکستان میں عدالت عالیہ کا جج مقرر ہونے کے لیے، کسی شخص کا پاکستان کا شہری ہونا، کم از کم پینتالیس سال کی عمر کا ہونا، اور یا تو کم از کم دس سال تک کسی عدالت عالیہ کا ایڈووکیٹ رہا ہو، یا کم از کم دس سال تک کسی سول ملازمت کا رکن رہا ہو اور تین سال تک ضلع جج کی حیثیت سے خدمات انجام دی ہوں، یا کم از کم دس سال تک کسی عدالتی عہدے پر فائز رہا ہو۔ </s>,urdu,385
"<s>[INST] How soon must an arrested person be brought before a magistrate? [/INST] An arrested person must be produced before a magistrate within twenty-four hours of their arrest, excluding the time necessary for the journey from the place of arrest to the court of the nearest magistrate. </s>",eng,18
<s>[INST] گرفتار شدہ شخص کو کتنی جلدی مجسٹریٹ کے سامنے پیش کرنا ضروری ہے؟ [/INST] گرفتار شدہ شخص کو مذکورہ گرفتاری سے چوبیس گھنٹے کے اندر کسی مجسٹریٹ کے سامنے پیش کرنا لازم ہوگا لیکن مذکورہ مدت میں وہ وقت شامل نہ ہوگا جو مقام گرفتاری سے قریب ترین مجسٹریٹ کی عدالت تک لے جانے کے لیے درکار ہو۔ </s>,urdu,18
<s>[INST] Who can recommend that functions be given to officers or authorities under the Provincial Government? [/INST] The Provincial Government can make the recommendation. </s>,eng,265
<s>[INST] صوبائی حکومت کے ماتحت افسران یا مجاز حکام کو کار منصبی تفویض کرنے کی سفارش کون کر سکتا ہے؟ [/INST] صوبائی حکومت سفارش کر سکتی ہے۔ </s>,urdu,265
<s>[INST] Who is responsible for executing contracts made by the Federal or Provincial Government? [/INST] Contracts made by the Federal or Provincial Government are executed on behalf of the President or Governor by such persons and in such manner as they may direct or authorize. </s>,eng,341
<s>[INST] وفاقی یا صوبائی حکومت کی جانب سے کئے گئے معاہدات پر دستخط کرنے کا ذمہ دار کون ہے؟ [/INST] وفاقی یا صوبائی حکومت کی جانب سے کئے گئے معاہدات صدر یا گورنر کی جانب سے ایسے اشخاص دستخط کرتے ہیں اور ایسے طریقے پر کئے جاتے ہیں جن کی وہ ہدایت کرے یا اجازت دے۔ </s>,urdu,341
<s>[INST] What is the minimum value of the subject matter in dispute for an appeal to be made to the Supreme Court? [/INST] The minimum value of the subject matter in dispute for an appeal to be made to the Supreme Court is fifty thousand rupees or such other sum as may be specified by an Act of Majlis-e-Shoora (Parliament). </s>,eng,370
<s>[INST] سپریم کورٹ میں اپیل درج کرنے کے لیے نفس الامر نزاع کی کم از کم مالیت کیا ہے؟ [/INST] سپریم کورٹ میں اپیل درج کرنے کے لیے نفس الامر نزاع کی کم از کم مالیت پچاس ہزار روپے یا ایسی دوسری رقم ہے جس کی صراحت مجلس شوریٰ (پارلیمنٹ) کے ایکٹ کے ذریعے کی جائے۔ </s>,urdu,370
<s>[INST] What is one of the main roles of the Islamic Council in Pakistan? [/INST] One of the main roles of the Islamic Council is to make recommendations to the Parliament and Provincial Assemblies on how to enable and encourage Muslims in Pakistan to live according to the principles and concepts of Islam as enunciated in the Holy Quran and Sunnah. </s>,eng,497
<s>[INST] پاکستان میں اسلامی کونسل کا ایک اہم کردار کیا ہے؟ [/INST] اسلامی کونسل کا ایک اہم کردار مجلس شوریٰ (پارلیمنٹ) اور صوبائی اسمبلیوں کو اس بارے میں سفارشات دینا ہے کہ پاکستان کے مسلمانوں کو قرآن پاک اور سنت میں بیان کردہ اسلام کے اصولوں اور تصورات کے مطابق اپنی زندگیاں گزارنے کے قابل اور ترغیب دینے کے لیے کیسے مدد فراہم کی جائے۔ </s>,urdu,497
<s>[INST] Who does the Commissioner take an oath before when starting their role? [/INST] The Commissioner takes an oath before the Chief Justice of Pakistan. </s>,eng,461
<s>[INST] کمشنر اپنے عہدے کا حلف کس کے سامنے اٹھاتا ہے؟ [/INST] کمشنر چیف جسٹس پاکستان کے سامنے حلف اٹھاتا ہے۔ </s>,urdu,461
"<s>[INST] How does the Constitution handle singular and plural words? [/INST] Words in the singular shall include the plural, and words in the plural shall include the singular. </s>",eng,564
<s>[INST] دستور واحد اور جمع کے الفاظ کو کیسے سنبھالتا ہے؟ [/INST] صیغہ واحد کے الفاظ میں جمع کا اور صیغہ جمع کے الفاظ میں واحد کا صیغہ شامل سمجھا جائے گا۔ </s>,urdu,564
"<s>[INST] Can the President reduce the salaries and allowances of provincial employees during a financial emergency? [/INST] Yes, the President can issue directions requiring a reduction of the salary and allowances of all or any class of persons serving in connection with the affairs of a Province during a financial emergency. </s>",eng,511
<s>[INST] کیا صدر مالیاتی ایمرجنسی کے دوران صوبائی ملازمین کی تنخواہوں اور بھتے جات میں کمی کر سکتا ہے؟ [/INST] جی ہاں، مالیاتی ایمرجنسی کے دوران صدر صوبے کے امور کے سلسلے میں ملازمت کرنے والے سب افراد یا ان کے کسی طبقے کی تنخواہ اور بھتے جات میں تخفیف کا حکم دے سکتا ہے۔ </s>,urdu,511
<s>[INST] Who has the authority to oversee the lower courts? [/INST] The High Court has the authority to supervise and control all subordinate courts. </s>,eng,405
<s>[INST] ماتحت عدالتوں کی نگرانی کا اختیار کس کے پاس ہے؟ [/INST] عدالت عالیہ کے پاس تمام ماتحت عدالتوں کی نگرانی اور انضباط کا اختیار ہے۔ </s>,urdu,405
"<s>[INST] What happens to the Auditor-General's reports on provincial accounts? [/INST] The reports of the Auditor-General relating to the accounts of a Province are submitted to the Governor of the Province, who then causes them to be laid before the Provincial Assembly. </s>",eng,338
<s>[INST] صوبے کے حسابات سے متعلق محاسب اعلیٰ کی رپورٹس کا کیا ہوتا ہے؟ [/INST] کسی صوبے کے حسابات سے متعلق محاسب اعلیٰ کی رپورٹس اس صوبے کے گورنر کو پیش کی جائیں گی جو انہیں صوبائی اسمبلی کے سامنے پیش کرائیں گے۔ </s>,urdu,338
<s>[INST] Who leads the Cabinet of Ministers in a province? [/INST] The Chief Minister leads the Cabinet of Ministers in a province. </s>,eng,254
<s>[INST] صوبے میں وزراء کی کابینہ کی قیادت کون کرتا ہے؟ [/INST] وزیر اعلیٰ صوبے میں وزراء کی کابینہ کی قیادت کرتا ہے۔ </s>,urdu,254
<s>[INST] Who takes over the Governor's duties if the Governor is not in Pakistan? [/INST] The Speaker of the Provincial Assembly takes over the Governor's duties if the Governor is not in Pakistan. </s>,eng,203
<s>[INST] اگر گورنر پاکستان میں نہ ہو تو گورنر کے فرائض کون سنبھالتا ہے؟ [/INST] اگر گورنر پاکستان میں نہ ہو تو اسپیکر صوبائی اسمبلی گورنر کے فرائض سنبھالتا ہے۔ </s>,urdu,203
"<s>[INST] Who has the authority to make changes to existing laws to align them with the Constitution? [/INST] The President has the authority to make adaptations to existing laws to bring them into accord with the Constitution, and he may authorize the Governor of a Province to exercise these powers in relation to provincial laws. </s>",eng,578
<s>[INST] موجودہ قوانین کو دستور کے مطابق بنانے کے لیے تبدیلیاں کرنے کا اختیار کس کے پاس ہے؟ [/INST] صدر کے پاس موجودہ قوانین میں تطبیق کرنے کا اختیار ہے تاکہ انہیں دستور کے مطابق بنایا جا سکے، اور وہ صوبائی قوانین کے سلسلے میں ان اختیارات کے استعمال کے لیے صوبے کے گورنر کو مجاز کرسکتے ہیں۔ </s>,urdu,578
"<s>[INST] What is the maximum percentage of the total membership of Parliament that the Cabinet, including Ministers of State, can have? [/INST] The total strength of the Cabinet, including Ministers of State, shall not exceed eleven percent of the total membership of Parliament. </s>",eng,186
<s>[INST] کابینہ کی کل تعداد، بشمول وزرائے مملکت، پارلیمنٹ کے مجموعی اراکین کے کتنے فیصد سے زیادہ نہیں ہو سکتی؟ [/INST] کابینہ کی کل تعداد، بشمول وزرائے مملکت، پارلیمنٹ کے مجموعی اراکین کے گیارہ فیصد سے زائد نہیں ہوگی۔ </s>,urdu,186
"<s>[INST] Can acts of high treason be validated by any court in Pakistan? [/INST] No, acts of high treason cannot be validated by any court, including the Supreme Court and a High Court. </s>",eng,10
<s>[INST] کیا پاکستان میں کسی بھی عدالت کے ذریعے سنگین غداری کے اعمال کو جائز قرار دیا جا سکتا ہے؟ [/INST] نہیں، سنگین غداری کے اعمال کو کسی بھی عدالت بشمول عدالت عظمیٰ اور عدالت عالیہ کے ذریعے جائز قرار نہیں دیا جا سکتا۔ </s>,urdu,10
<s>[INST] Who are the members of the first National Assembly? [/INST] The members of the first National Assembly include persons who have taken oath in the National Assembly of Pakistan existing immediately before the commencing day and persons elected in accordance with law by the members of the Assembly to fill certain seats. </s>,eng,596
<s>[INST] پہلی قومی اسمبلی کے ارکان کون ہیں؟ [/INST] پہلی قومی اسمبلی کے ارکان میں وہ اشخاص شامل ہیں جو یوم آغاز سے عین قبل موجود پاکستان کی قومی اسمبلی میں حلف اٹھا چکے ہیں اور وہ اشخاص جو قانون کے مطابق اسمبلی کے ارکان کی طرف سے منتخب کیے گئے ہیں تاکہ مخصوص نشستوں کو پر کیا جا سکے۔ </s>,urdu,596
"<s>[INST] Can the President dissolve the National Assembly on his own discretion? [/INST] Yes, the President can dissolve the National Assembly on his own discretion if a vote of no-confidence has been passed against the Prime Minister and no other member commands the confidence of the majority of the National Assembly members. </s>",eng,110
<s>[INST] کیا صدر اپنی صوابدید پر قومی اسمبلی کو تحلیل کر سکتا ہے؟ [/INST] جی ہاں، صدر اپنی صوابدید پر قومی اسمبلی کو تحلیل کر سکتا ہے اگر وزیر اعظم کے خلاف عدم اعتماد کا ووٹ منظور ہو چکا ہو اور قومی اسمبلی کے کسی دوسرے رکن کو ارکان کی اکثریت کا اعتماد حاصل نہ ہو۔ </s>,urdu,110
"<s>[INST] Can the Provincial Assembly approve funds before the full financial procedure is completed? [/INST] Yes, the Provincial Assembly can approve funds in advance for up to three months before the full financial procedure is completed. </s>",eng,244
<s>[INST] کیا صوبائی اسمبلی مکمل مالیاتی طریقہ کار مکمل ہونے سے پہلے فنڈز کی منظوری دے سکتی ہے؟ [/INST] جی ہاں، صوبائی اسمبلی مکمل مالیاتی طریقہ کار مکمل ہونے سے پہلے تین ماہ تک پیشگی فنڈز کی منظوری دے سکتی ہے۔ </s>,urdu,244
<s>[INST] How long is the term for the President? [/INST] The President shall hold office for a term of five years from the day he enters upon his office. </s>,eng,80
<s>[INST] صدر کی مدت کتنی ہوتی ہے؟ [/INST] صدر اس دن سے جس دن وہ اپنا عہدہ سنبھالے گا، پانچ سال کی مدت تک اپنے عہدے پر فائز رہے گا۔ </s>,urdu,80
"<s>[INST] Can the President authorize the withdrawal of money for expenditures exceeding the authorized amount for years before July 1, 1973? [/INST] Yes, the President can authorize the withdrawal of moneys from the Federal Consolidated Fund for expenditures exceeding the authorized amount for years before July 1, 1973. </s>",eng,613
<s>[INST] کیا صدر یکم جولائی 1973 سے پہلے کے سالوں کے لئے منظور شدہ رقم سے زیادہ اخراجات کے لئے رقم کی واپسی کی منظوری دے سکتا ہے؟ [/INST] جی ہاں، صدر یکم جولائی 1973 سے پہلے کے سالوں کے لئے منظور شدہ رقم سے زیادہ اخراجات کے لئے وفاقی مجموعی فنڈ سے رقم کی واپسی کی منظوری دے سکتا ہے۔ </s>,urdu,613
"<s>[INST] Are there any conditions for citizens to join political parties in Pakistan? [/INST] Yes, citizens not in the service of Pakistan have the right to form or be a member of a political party, subject to reasonable restrictions imposed by law in the interest of the sovereignty or integrity of Pakistan. Additionally, political parties must account for the source of their funds in accordance with the law. </s>",eng,31
<s>[INST] کیا پاکستان میں شہریوں کے لیے سیاسی جماعتوں میں شامل ہونے کی کوئی شرائط ہیں؟ [/INST] جی ہاں، پاکستان کی ملازمت میں نہ ہونے والے شہریوں کو پاکستان کی حاکمیت اعلیٰ یا سالمیت کے مفاد میں قانون کے ذریعے عائد کردہ معقول پابندیوں کے تابع کوئی سیاسی جماعت بنانے یا اس کا رکن بننے کا حق حاصل ہے۔ اس کے علاوہ، سیاسی جماعتوں کو قانون کے مطابق اپنے مالی ذرائع کے ماخذ کے لیے جواب دہ ہونا پڑے گا۔ </s>,urdu,31
<s>[INST] Who is the head of state in Pakistan? [/INST] The President is the head of state in Pakistan. </s>,eng,74
<s>[INST] پاکستان کا سربراہ کون ہے؟ [/INST] صدر پاکستان کا سربراہ ہے۔ </s>,urdu,74
"<s>[INST] Who can represent a party in proceedings before the Court? [/INST] A party can be represented by a legal practitioner who is a Muslim and has been enrolled as an advocate of a High Court for at least five years or as an advocate of the Supreme Court, or by a jurisconsult selected from a panel maintained by the Court. </s>",eng,421
<s>[INST] عدالت کے سامنے کسی کارروائی میں فریق کی نمائندگی کون کر سکتا ہے؟ [/INST] فریق کی نمائندگی کوئی ایسا قانونی پیشہ ور شخص جو مسلمان ہو اور کم از کم پانچ سال کی مدت کے لیے کسی عدالت عالیہ کے ایڈووکیٹ کے طور پر یا عدالت عظمیٰ کے ایڈووکیٹ کے طور پر درج فہرست رہ چکا ہو، یا عدالت کی طرف سے مرتب شدہ ماہرین قانون کی فہرست میں سے منتخب کردہ ماہر قانون کر سکتا ہے۔ </s>,urdu,421
<s>[INST] What happens after the Speaker receives the notice for the President's removal? [/INST] The Speaker must transmit a copy of the notice to the President within three days and summon the two Houses to meet in a joint sitting within seven to fourteen days to investigate the grounds or charges. </s>,eng,86
<s>[INST] اسپیکر کو صدر کی برطرفی کا نوٹس موصول ہونے کے بعد کیا ہوتا ہے؟ [/INST] اسپیکر تین دن کے اندر نوٹس کی ایک نقل صدر کو بھجوائے گا اور سات سے چودہ دن کے اندر دونوں ایوانوں کا مشترکہ اجلاس طلب کرے گا تاکہ بنیادوں یا الزامات کی تفتیش کی جا سکے۔ </s>,urdu,86
<s>[INST] How many members did the Senate have until the first National Assembly continued in existence? [/INST] The Senate had forty-five members until the first National Assembly continued in existence. </s>,eng,599
<s>[INST] پہلی قومی اسمبلی کے وجود برقرار رہنے تک سینیٹ میں کتنے ارکان تھے؟ [/INST] پہلی قومی اسمبلی کے وجود برقرار رہنے تک سینیٹ میں پینتالیس ارکان تھے۔ </s>,urdu,599
"<s>[INST] Who decides the number of Judges in a High Court? [/INST] The number of Judges in a High Court is determined by law or, until so determined, is fixed by the President. </s>",eng,381
<s>[INST] عدالت عالیہ میں ججوں کی تعداد کا فیصلہ کون کرتا ہے؟ [/INST] عدالت عالیہ میں ججوں کی تعداد قانون کے ذریعے متعین کی جاتی ہے، یا اس طرح متعین ہونے تک، صدر کے ذریعے مقرر کی جاتی ہے۔ </s>,urdu,381
"<s>[INST] Do citizens have the right to maintain their unique cultural practices? [/INST] Yes, citizens with a distinct language, script, or culture have the right to preserve and promote their cultural practices. </s>",eng,54
<s>[INST] کیا شہریوں کو اپنی منفرد ثقافتی روایات کو برقرار رکھنے کا حق ہے؟ [/INST] جی ہاں، ایک الگ زبان، رسم الخط یا ثقافت رکھنے والے شہریوں کو اپنی ثقافتی روایات کو برقرار رکھنے اور فروغ دینے کا حق ہے۔ </s>,urdu,54
<s>[INST] Who is responsible for keeping the President updated on government matters? [/INST] The Prime Minister is responsible for keeping the President informed on all matters of internal and foreign policy and on all legislative proposals the Federal Government intends to bring before Majlis-e-Shoora (Parliament). </s>,eng,83
<s>[INST] حکومتی معاملات پر صدر کو باخبر رکھنے کی ذمہ داری کس کی ہے؟ [/INST] وزیر اعظم صدر کو داخلی اور خارجی پالیسی کے تمام معاملات اور قانون سازی کی تمام تجاویز پر جو وفاقی حکومت مجلس شوریٰ (پارلیمنٹ) کے سامنے پیش کرنے کا ارادہ رکھتی ہے، آگاہ رکھنے کا ذمہ دار ہے۔ </s>,urdu,83
<s>[INST] Are there any conditions under which the Supreme Court can review its judgments? [/INST] The Supreme Court's power to review its judgments is subject to the provisions of any Act of Majlis-e-Shoora (Parliament) and any rules made by the Supreme Court. </s>,eng,377
<s>[INST] کیا کوئی شرائط ہیں جن کے تحت عدالت عظمیٰ اپنے فیصلوں پر نظرثانی کر سکتی ہے؟ [/INST] عدالت عظمیٰ کے فیصلوں پر نظرثانی کا اختیار مجلس شوریٰ (پارلیمنٹ) کے کسی بھی ایکٹ اور عدالت عظمیٰ کے وضع کردہ کسی قواعد کے احکام کے تابع ہے۔ </s>,urdu,377
"<s>[INST] What happens to the areas mentioned in paragraph (b) and (c) on the commencement of the Constitution (Twenty-fifth Amendment) Act, 2018? [/INST] On the commencement of the Constitution (Twenty-fifth Amendment) Act, 2018, the areas mentioned in paragraph (b) sub-paragraph (i) shall stand merged in the Province of Khyber Pakhtunkhwa, sub-paragraph (ii) shall stand merged in the Province of Balochistan, and the areas mentioned in paragraph (c) shall stand merged in the Province of Khyber Pakhtunkhwa. </s>",eng,532
<s>[INST] دستور پچیسویں ترمیم ایکٹ، ۲۰۱۸ کے آغاز نفاذ پر پیرا ب اور ج میں مذکورہ علاقے جات کے ساتھ کیا ہوتا ہے؟ [/INST] دستور پچیسویں ترمیم ایکٹ، ۲۰۱۸ کے آغاز نفاذ پر، پیرا ب ذیلی پیرا اول میں مذکورہ علاقے جات صوبہ خیبر پختونخوا میں انضمام شدہ سمجھے جائیں گے، ذیلی پیرا دوم میں مذکورہ علاقے جات صوبہ بلوچستان میں انضمام شدہ سمجھے جائیں گے، اور پیرا ج میں مذکورہ علاقے جات صوبہ خیبر پختونخوا میں انضمام شدہ سمجھے جائیں گے۔ </s>,urdu,532
"<s>[INST] Can the validity of a law be challenged if it does not follow the Principles of Policy? [/INST] No, the validity of a law cannot be called into question on the ground that it is not in accordance with the Principles of Policy. </s>",eng,58
<s>[INST] اگر کوئی قانون حکمت عملی کے اصولوں پر عمل نہیں کرتا تو کیا اس کے جواز کو چیلنج کیا جا سکتا ہے؟ [/INST] نہیں، کسی قانون کے جواز پر اس بناء پر اعتراض نہیں کیا جا سکتا کہ وہ حکمت عملی کے اصولوں کے مطابق نہیں ہے۔ </s>,urdu,58
"<s>[INST] What happens if the Speaker of the Provincial Assembly is also unavailable to perform the Governor's functions? [/INST] If the Speaker of the Provincial Assembly is unavailable, any other person nominated by the President will perform the Governor's functions. </s>",eng,204
<s>[INST] اگر اسپیکر صوبائی اسمبلی بھی گورنر کے فرائض انجام دینے کے لئے دستیاب نہ ہو تو کیا ہوتا ہے؟ [/INST] اگر اسپیکر صوبائی اسمبلی دستیاب نہ ہو، تو صدر کی طرف سے نامزد کردہ کوئی بھی دوسرا شخص گورنر کے فرائض انجام دے گا۔ </s>,urdu,204
"<s>[INST] How is the Parliamentary Committee for confirming the Chief Election Commissioner formed? [/INST] The Parliamentary Committee is constituted by the Speaker and comprises fifty percent members from the Treasury Benches and fifty percent from the Opposition Parties, based on their strength in the Parliament. </s>",eng,460
<s>[INST] چیف الیکشن کمشنر کی توثیق کے لیے پارلیمانی کمیٹی کیسے تشکیل دی جاتی ہے؟ [/INST] پارلیمانی کمیٹی اسپیکر کی جانب سے تشکیل دی جاتی ہے جس میں پچاس فیصد ارکان حکومتی بینچوں اور پچاس فیصد حزب اختلاف کی جماعتوں سے جو مجلس شوریٰ (پارلیمنٹ) میں ان کی تعداد کی بنیاد پر متعلقہ پارلیمانی قائدین کی جانب سے نامزد کیے جائیں گے، پر مشتمل ہوتی ہے۔ </s>,urdu,460
"<s>[INST] Can the Federal Government assign its functions to a Provincial Government? [/INST] Yes, the Federal Government can assign its functions to a Provincial Government with the consent of that Province. </s>",eng,282
<s>[INST] کیا وفاقی حکومت اپنے اختیارات کسی صوبائی حکومت کو تفویض کر سکتی ہے؟ [/INST] جی ہاں، وفاقی حکومت کسی صوبے کی رضا مندی سے اپنے اختیارات اس صوبائی حکومت کو تفویض کر سکتی ہے۔ </s>,urdu,282
"<s>[INST] What happens to a demand for a grant if the National Assembly does not vote on it within the specified period? [/INST] For a period of ten years from the commencing day or the holding of the second general election to the National Assembly, whichever occurs later, a demand shall be deemed to have been assented to without any reduction of the amount specified therein, unless it is refused or assented to subject to a reduction by the votes of a majority of the total membership of the Assembly. </s>",eng,164
<s>[INST] اگر قومی اسمبلی مقررہ مدت کے اندر کسی مطالبہ زر پر رائے شماری نہ کرے تو کیا ہوتا ہے؟ [/INST] یوم آغاز سے دس سال کی مدت کے لئے یا قومی اسمبلی کے دوسرے عام انتخاب کے انعقاد تک، جو بھی بعد میں واقع ہو، کسی مطالبہ کا اس میں مصرحہ رقم میں کسی تخفیف کے بغیر منظور کیا جانا متصور ہوگا، تاآنکہ، اسمبلی کی کل رکنیت کی اکثریت کے ووٹوں کے ذریعہ اسے مسترد نہ کر دیا جائے یا اسے اس میں مصرحہ رقم میں کسی تخفیف کے تابع منظور نہ کیا جائے۔ </s>,urdu,164
"<s>[INST] What types of accounts does the Auditor-General oversee? [/INST] The Auditor-General oversees the accounts of the Federation, the Provinces, and any authority or body established by the Federation or a Province. </s>",eng,334
<s>[INST] محاسب اعلیٰ کس قسم کے حسابات کی نگرانی کرتا ہے؟ [/INST] محاسب اعلیٰ وفاق، صوبوں، اور وفاق یا کسی صوبے کے قائم کردہ کسی ہیئت مجاز یا ادارے کے حسابات کی نگرانی کرتا ہے۔ </s>,urdu,334
"<s>[INST] What happens to the members after the first two and a half years? [/INST] Two of the members shall retire after the expiration of the first two and a half years, and two shall retire after the expiration of the next two and a half years. </s>",eng,464
<s>[INST] پہلے اڑھائی سالوں کے بعد اراکین کے ساتھ کیا ہوتا ہے؟ [/INST] اراکین میں سے دو پہلے اڑھائی سالوں کے اختتام پر سبکدوش ہو جائیں گے اور دو آئندہ اڑھائی سال کے بعد سبکدوش ہو جائیں گے۔ </s>,urdu,464
"<s>[INST] Can the government take someone's property without providing compensation? [/INST] No, the government cannot take someone's property without providing compensation. The law must provide for compensation and either fix the amount or specify the principles and manner in which it is to be determined and given. </s>",eng,43
<s>[INST] کیا حکومت کسی کی جائیداد کو معاوضہ دیے بغیر لے سکتی ہے؟ [/INST] نہیں، حکومت کسی کی جائیداد کو معاوضہ دیے بغیر نہیں لے سکتی۔ قانون میں معاوضہ کا حکم ہونا چاہیے اور یا تو معاوضہ کی رقم کا تعین ہونا چاہیے یا اس اصول اور طریقے کی صراحت ہونی چاہیے جس کے بموجب معاوضہ کا تعین کیا جائے گا اور اسے ادا کیا جائے گا۔ </s>,urdu,43
"<s>[INST] Can the President or a Governor be arrested or imprisoned while in office? [/INST] No, no process for the arrest or imprisonment of the President or a Governor shall issue from any court during his term of office. </s>",eng,533
<s>[INST] کیا صدر یا گورنر کو عہدے پر ہوتے ہوئے گرفتار یا قید کیا جا سکتا ہے؟ [/INST] نہیں، صدر یا گورنر کی گرفتاری یا قید کے لئے اس کے عہدے کی میعاد کے دوران کسی عدالت کی طرف سے کوئی حکم جاری نہیں ہوگا۔ </s>,urdu,533
"<s>[INST] Who is responsible for preparing and updating the electoral rolls for elections in Pakistan? [/INST] The Commission is responsible for preparing and updating the electoral rolls for elections to the National Assembly, Provincial Assemblies, and local governments. </s>",eng,472
<s>[INST] پاکستان میں انتخابات کے لیے انتخابی فہرستیں تیار کرنے اور انہیں تازہ ترین رکھنے کی ذمہ داری کس پر ہے؟ [/INST] کمیشن قومی اسمبلی، صوبائی اسمبلیوں اور مقامی حکومتوں کے انتخابات کے لیے انتخابی فہرستیں تیار کرنے اور انہیں تازہ ترین رکھنے کا ذمہ دار ہے۔ </s>,urdu,472
<s>[INST] Who administers the oath to the Chief Justice of a High Court? [/INST] The Chief Justice of a High Court makes the oath before the Governor. </s>,eng,386
<s>[INST] سوال: کسی عدالت عالیہ کے چیف جسٹس کو حلف کون دلواتا ہے؟ [/INST] جواب: کسی عدالت عالیہ کا چیف جسٹس گورنر کے سامنے حلف اٹھاتا ہے۔ </s>,urdu,386
"<s>[INST] Where are the moneys received by or on behalf of the Provincial Government, or deposited with the courts, credited? [/INST] They shall be credited to the Public Account of the Province. </s>",eng,233
<s>[INST] صوبائی حکومت کو یا اس کی طرف سے وصول ہونے والی یا عدالتوں کے پاس جمع کرائی گئی رقوم کہاں جمع کی جاتی ہیں؟ [/INST] یہ صوبے کے عوامی حساب میں جمع کی جائیں گی۔ </s>,urdu,233
"<s>[INST] Under what condition can the Governor dissolve the Provincial Assembly at his discretion? [/INST] The Governor can dissolve the Provincial Assembly at his discretion, with the previous approval of the President, if a vote of no-confidence has been passed against the Chief Minister and no other member commands the confidence of the majority of the members of the Provincial Assembly. </s>",eng,220
<s>[INST] گورنر کس شرط پر اپنی صوابدید پر صوبائی اسمبلی کو تحلیل کر سکتا ہے؟ [/INST] گورنر اپنی صوابدید پر، صدر کی ماقبل منظوری کے ساتھ، صوبائی اسمبلی کو تحلیل کر سکتا ہے اگر وزیر اعلیٰ کے خلاف عدم اعتماد کا ووٹ منظور ہو چکا ہو اور صوبائی اسمبلی کے کسی دوسرے رکن کو ارکان کی اکثریت کا اعتماد حاصل نہ ہو۔ </s>,urdu,220
<s>[INST] Which court has the authority to handle disputes between different governments in Pakistan? [/INST] The Supreme Court has the authority to handle disputes between the Federal Government and the Provincial Governments. </s>,eng,366
<s>[INST] پاکستان میں مختلف حکومتوں کے درمیان تنازعات کو سنبھالنے کا اختیار کس عدالت کو حاصل ہے؟ [/INST] وفاقی حکومت اور صوبائی حکومتوں کے درمیان تنازعات کو سنبھالنے کا اختیار عدالت عظمیٰ کو حاصل ہے۔ </s>,urdu,366
"<s>[INST] Is a former Judge of the Supreme Court allowed to work in any court in Pakistan? [/INST] No, a person who has held office as a permanent Judge of the Supreme Court shall not plead or act in any court or before any authority in Pakistan. </s>",eng,442
<s>[INST] کیا عدالت عظمیٰ کے سابق جج کو پاکستان میں کسی عدالت میں کام کرنے کی اجازت ہے؟ [/INST] نہیں، جو شخص عدالت عظمیٰ کے مستقل جج کے عہدے پر فائز رہ چکا ہو، وہ پاکستان میں کسی عدالت یا کسی ہیئت مجاز کے روبرو وکالت یا کام نہیں کرے گا۔ </s>,urdu,442
"<s>[INST] Can the Attorney-General for Pakistan engage in private practice while holding office? [/INST] No, the Attorney-General for Pakistan shall not engage in private practice so long as he holds the office. </s>",eng,197
<s>[INST] کیا پاکستان کا اٹارنی جنرل اپنے عہدے پر فائز رہتے ہوئے نجی وکالت میں حصہ لے سکتا ہے؟ [/INST] نہیں، پاکستان کا اٹارنی جنرل جب تک اپنے عہدے پر فائز رہے گا نجی وکالت میں حصہ نہیں لے سکے گا۔ </s>,urdu,197
"<s>[INST] What is the significance of the Constitution (Seventeenth Amendment) Act, 2003 in relation to Articles 152A, 179, and 195? [/INST] The significance is that Article 152A was omitted and Articles 179 and 195 were substituted by this amendment, and these changes are deemed to have always been in place, despite the repeal of the amendment. </s>",eng,576
<s>[INST] آرٹیکل ۱۵۲اے، ۱۷۹، اور ۱۹۵ کے حوالے سے دستور (سترہویں ترمیم) ایکٹ، ۲۰۰۳ کی اہمیت کیا ہے؟ [/INST] اہمیت یہ ہے کہ اس ترمیم کے ذریعے آرٹیکل ۱۵۲اے کو حذف اور آرٹیکل ۱۷۹ اور ۱۹۵ کو تبدیل کر دیا گیا تھا، اور ان تبدیلیوں کو ہمیشہ سے ہی نافذ العمل تصور کیا جائے گا، چاہے اس ترمیم کو منسوخ کر دیا گیا ہو۔ </s>,urdu,576
"<s>[INST] What happens if the Prime Minister and the Leader of the Opposition cannot agree on a care-taker Prime Minister? [/INST] If the Prime Minister and the Leader of the Opposition cannot agree on a care-taker Prime Minister within three days of the dissolution of the National Assembly, they must each forward two nominees to a Committee constituted by the Speaker of the National Assembly. This Committee will then finalize the name of the care-taker Prime Minister within three days. </s>",eng,485
<s>[INST] اگر وزیر اعظم اور قائد حزب اختلاف نگران وزیر اعظم پر متفق نہ ہوں تو کیا ہوتا ہے؟ [/INST] اگر وزیر اعظم اور قائد حزب اختلاف قومی اسمبلی کی تحلیل کے تین دن کے اندر نگران وزیر اعظم پر متفق نہ ہوں، تو وہ انفرادی طور پر دو نامزدگان قومی اسمبلی کے اسپیکر کی جانب سے تشکیل کردہ کمیٹی کو بھیجیں گے۔ یہ کمیٹی تین دن کے اندر نگران وزیر اعظم کے نام کو حتمی شکل دے گی۔ </s>,urdu,485
"<s>[INST] Can the government set limits on how much property a person can own? [/INST] Yes, the government can prescribe the maximum limits as to property or any class thereof which may be owned, held, possessed, or controlled by any person. </s>",eng,545
<s>[INST] کیا حکومت کسی شخص کی ملکیت میں جائیداد کی حد مقرر کر سکتی ہے؟ [/INST] جی ہاں، حکومت بذریعہ قانون کسی شخص کی ملکیت، تصرف، قبضہ یا نگرانی میں رکھی جانے والی جائیداد یا اس کی کسی قسم کے بارے میں انتہائی تحدیدات مقرر کر سکتی ہے۔ </s>,urdu,545
<s>[INST] When does the Senate elect a new Chairman or Deputy Chairman? [/INST] The Senate elects a new Chairman or Deputy Chairman at its first meeting after being duly constituted and whenever the office of Chairman or Deputy Chairman becomes vacant. </s>,eng,114
<s>[INST] سینیٹ نیا چیئرمین یا ڈپٹی چیئرمین کب منتخب کرتی ہے؟ [/INST] سینیٹ اپنے باقاعدہ تشکیل ہونے کے بعد پہلے اجلاس میں اور جب بھی چیئرمین یا ڈپٹی چیئرمین کا عہدہ خالی ہوجائے، نیا چیئرمین یا ڈپٹی چیئرمین منتخب کرتی ہے۔ </s>,urdu,114
"<s>[INST] Can the Advocate General engage in private practice while holding office? [/INST] No, the Advocate General shall not engage in private practice so long as he holds the office. </s>",eng,269
<s>[INST] کیا ایڈووکیٹ جنرل اپنے عہدے پر فائز رہتے ہوئے نجی پیشہ وکالت میں حصہ لے سکتا ہے؟ [/INST] نہیں، جب تک وہ ایڈووکیٹ جنرل کے عہدے پر فائز رہے، نجی پیشہ وکالت میں حصہ نہیں لے سکے گا۔ </s>,urdu,269
"<s>[INST] What happens if the President's position becomes vacant? [/INST] If the President's position becomes vacant due to death, resignation, or removal, the Chairman of the Senate, or if he is unable, the Speaker of the National Assembly, shall act as President until a new President is elected. </s>",eng,91
<s>[INST] اگر صدر کا عہدہ خالی ہو جائے تو کیا ہوتا ہے؟ [/INST] اگر صدر کا عہدہ وفات، استعفیٰ یا برطرفی کی وجہ سے خالی ہو جائے تو چیئرمین سینیٹ، یا اگر وہ بھی قاصر ہو، تو قومی اسمبلی کا اسپیکر قائم مقام صدر ہوگا جب تک کہ نیا صدر منتخب نہ ہو جائے۔ </s>,urdu,91
"<s>[INST] How are the seats reserved for women and non-Muslims allocated in a Provincial Assembly? [/INST] The seats reserved for women and non-Muslims are allocated to each Province as a single constituency and are filled through a proportional representation system based on political parties' lists of candidates, according to the total number of general seats secured by each political party in the Provincial Assembly. </s>",eng,210
<s>[INST] صوبائی اسمبلی میں خواتین اور غیر مسلموں کے لیے مخصوص نشستیں کیسے مختص کی جاتی ہیں؟ [/INST] خواتین اور غیر مسلموں کے لیے مخصوص نشستیں ہر صوبے کے لیے ایک واحد انتخابی حلقہ کے طور پر مختص کی جاتی ہیں اور انہیں سیاسی جماعتوں کی امیدواروں کی فہرستوں کی بنیاد پر متناسب نمائندگی کے نظام کے ذریعے پر کیا جاتا ہے، جو صوبائی اسمبلی میں ہر سیاسی جماعت کی طرف سے حاصل کردہ عام نشستوں کی کل تعداد کے مطابق ہوتی ہیں۔ </s>,urdu,210
<s>[INST] What is the designated religion of Pakistan? [/INST] Islam shall be the State religion of Pakistan. </s>,eng,2
<s>[INST] پاکستان کا مقررہ مذہب کیا ہے؟ [/INST] اسلام ریاست کا مذہب ہوگا۔ </s>,urdu,2
"<s>[INST] Can a student be forced to participate in religious activities of a different faith at an educational institution? [/INST] No, a student cannot be required to receive religious instruction, take part in any religious ceremony, or attend religious worship if it relates to a religion other than their own. </s>",eng,40
<s>[INST] کیا کسی طالب علم کو کسی تعلیمی ادارے میں مختلف مذہب کی مذہبی سرگرمیوں میں حصہ لینے پر مجبور کیا جا سکتا ہے؟ [/INST] نہیں، کسی طالب علم کو اس کے اپنے مذہب کے علاوہ کسی اور مذہب کی مذہبی تعلیم حاصل کرنے، کسی مذہبی تقریب میں حصہ لینے یا مذہبی عبادت میں شرکت کرنے پر مجبور نہیں کیا جا سکتا۔ </s>,urdu,40
"<s>[INST] What must the Provincial Government do if money is spent beyond the approved budget for a service? [/INST] If money is spent beyond the approved budget for a service, the Provincial Government must authorize the excess expenditure from the Provincial Consolidated Fund and present an Excess Budget Statement to the Provincial Assembly. </s>",eng,243
<s>[INST] اگر کسی خدمت کے لیے منظور شدہ بجٹ سے زیادہ رقم خرچ ہو جائے تو صوبائی حکومت کو کیا کرنا چاہیے؟ [/INST] اگر کسی خدمت کے لیے منظور شدہ بجٹ سے زیادہ رقم خرچ ہو جائے تو صوبائی حکومت کو صوبائی مجموعی فنڈ سے زائد خرچ کی منظوری دینی چاہیے اور صوبائی اسمبلی کے سامنے ایک زائد کیفیت نامہ میزانیہ پیش کرنا چاہیے۔ </s>,urdu,243
<s>[INST] What authority does the Council have when it comes to making people attend or producing documents? [/INST] The Council has the same power as the Supreme Court to issue directions or orders for securing the attendance of any person or the discovery or production of any document. </s>,eng,449
<s>[INST] کونسل کو لوگوں کو حاضر کرنے یا دستاویزات پیش کرنے کے حوالے سے کیا اختیار حاصل ہے؟ [/INST] کونسل کو وہی اختیارات حاصل ہیں جو عدالت عظمیٰ کو کسی شخص کو حاضر عدالت کرانے یا کسی دستاویز کی برآمدگی یا اس کو پیش کرنے کے لیے ہدایات یا احکام جاری کرنے کے لیے حاصل ہیں۔ </s>,urdu,449
"<s>[INST] Is an acting officeholder considered the predecessor to the next person who holds the office? [/INST] No, an acting officeholder shall not be regarded as the predecessor to the person who holds that office after him. </s>",eng,561
<s>[INST] کیا قائم مقام عہدے دار کو اگلے شخص کا پیشرو سمجھا جائے گا جو اس عہدے پر فائز ہو؟ [/INST] نہیں، قائم مقام عہدے دار کو اس شخص کا پیشرو نہیں سمجھا جائے گا جو اس کے بعد اس عہدے پر فائز ہو۔ </s>,urdu,561
<s>[INST] What rights do individuals have regarding their treatment under the law in Pakistan? [/INST] Individuals have the right to enjoy the protection of law and to be treated in accordance with law. This is an inalienable right of every citizen and every other person within Pakistan. </s>,eng,5
<s>[INST] پاکستان میں افراد کو قانون کے تحت اپنے سلوک کے بارے میں کیا حقوق حاصل ہیں؟ [/INST] افراد کو قانون کا تحفظ حاصل کرنے اور قانون کے مطابق سلوک کیے جانے کا حق حاصل ہے۔ یہ ہر شہری اور پاکستان میں موجود ہر دوسرے شخص کا ناقابل انتقال حق ہے۔ </s>,urdu,5
<s>[INST] Who appoints the judges of the Federal Shariat Court? [/INST] The judges of the Federal Shariat Court are appointed by the President in accordance with Article 175A. </s>,eng,411
<s>[INST] وفاقی شرعی عدالت کے ججوں کا تقرر کون کرتا ہے؟ [/INST] وفاقی شرعی عدالت کے ججوں کا تقرر صدر آرٹیکل ۱۷۵۔الف کے مطابق کرتا ہے۔ </s>,urdu,411
"<s>[INST] Can the Provincial Assembly vote on the expenditure charged upon the Provincial Consolidated Fund? [/INST] No, the expenditure charged upon the Provincial Consolidated Fund may be discussed in the Provincial Assembly but shall not be submitted to the vote of the Provincial Assembly. </s>",eng,239
<s>[INST] کیا صوبائی اسمبلی صوبائی مجموعی فنڈ سے واجب الادا مصارف پر رائے دہی کر سکتی ہے؟ [/INST] نہیں، صوبائی مجموعی فنڈ سے واجب الادا مصارف پر صوبائی اسمبلی میں بحث ہو سکتی ہے لیکن اسے صوبائی اسمبلی کی رائے دہی کے لیے پیش نہیں کیا جائے گا۔ </s>,urdu,239
"<s>[INST] Who takes over the duties of the President if the President is unable to perform his functions due to absence from the country? [/INST] If the President is unable to perform his functions due to absence from Pakistan, the Chairman of the Senate, or if he is also unable, the Speaker of the National Assembly, shall perform the functions of the President. </s>",eng,90
<s>[INST] اگر صدر ملک سے غیر حاضر ہونے کی وجہ سے اپنے فرائض انجام دینے سے قاصر ہو تو صدر کے فرائض کون سنبھالے گا؟ [/INST] اگر صدر پاکستان سے غیر حاضر ہونے کی وجہ سے اپنے فرائض انجام دینے سے قاصر ہو تو چیئرمین سینیٹ، یا اگر وہ بھی قاصر ہو، تو قومی اسمبلی کا اسپیکر صدر کے فرائض انجام دے گا۔ </s>,urdu,90
"<s>[INST] Can a Judge of the Supreme Court or High Court take another job that increases their pay? [/INST] No, a Judge of the Supreme Court or High Court cannot hold any other office of profit in the service of Pakistan if their remuneration is thereby increased. </s>",eng,441
<s>[INST] کیا عدالت عظمیٰ یا عدالت عالیہ کا جج کوئی ایسی ملازمت اختیار کر سکتا ہے جس سے اس کی تنخواہ میں اضافہ ہو؟ [/INST] نہیں، عدالت عظمیٰ یا عدالت عالیہ کا جج ملازمت پاکستان میں کوئی دیگر منفعت بخش عہدہ نہیں سنبھال سکتا اگر اس کی وجہ سے اس کی تنخواہ میں اضافہ ہو۔ </s>,urdu,441
<s>[INST] What steps does the State take to support the educational and economic interests of disadvantaged groups? [/INST] The State promotes the educational and economic interests of backward classes or areas with special care. </s>,eng,66
<s>[INST] ریاست پسماندہ گروہوں کے تعلیمی اور معاشی مفادات کی حمایت کے لیے کیا اقدامات کرتی ہے؟ [/INST] ریاست پسماندہ طبقات یا علاقوں کے تعلیمی اور معاشی مفادات کو خصوصی توجہ کے ساتھ فروغ دیتی ہے۔ </s>,urdu,66
"<s>[INST] What happens if a member of a political party votes against their party's direction in important matters like the election of the Prime Minister? [/INST] If a member votes against their party's direction in important matters like the election of the Prime Minister, they may be declared by the Party Head to have defected from the political party, and this declaration can be forwarded to the Presiding Officer and the Chief Election Commissioner. </s>",eng,124
<s>[INST] اگر کسی سیاسی جماعت کا رکن اہم معاملات جیسے وزیر اعظم کے انتخاب میں اپنی جماعت کی ہدایت کے خلاف ووٹ دے تو کیا ہوتا ہے؟ [/INST] اگر کوئی رکن اہم معاملات جیسے وزیر اعظم کے انتخاب میں اپنی جماعت کی ہدایت کے خلاف ووٹ دے، تو پارٹی کا سربراہ تحریری طور پر اعلان کر سکتا ہے کہ وہ اس سیاسی جماعت سے منحرف ہو گیا ہے، اور اس اعلان کی ایک نقل افسر صدارت کنندہ اور چیف الیکشن کمشنر کو بھیجی جا سکتی ہے۔ </s>,urdu,124
<s>[INST] Who can the President appoint based on the Prime Minister's advice? [/INST] The President can appoint up to five Advisers based on the Prime Minister's advice. </s>,eng,187
<s>[INST] صدر وزیراعظم کے مشورے پر کس کو مقرر کر سکتا ہے؟ [/INST] صدر وزیراعظم کے مشورے پر زیادہ سے زیادہ پانچ مشیر مقرر کر سکتا ہے۔ </s>,urdu,187
"<s>[INST] What can the President do if he believes the financial stability of Pakistan is at risk? [/INST] The President can make a Proclamation declaring a financial emergency and issue directions to any Province to observe principles of financial propriety and other necessary directions in the interest of the economic life, financial stability, or credit of Pakistan. </s>",eng,510
<s>[INST] اگر صدر کو یقین ہو کہ پاکستان کی مالی استحکام خطرے میں ہے تو وہ کیا کر سکتا ہے؟ [/INST] صدر مالی ایمرجنسی کا اعلان کر سکتا ہے اور کسی بھی صوبے کو مالیاتی موزونیت کے اصولوں پر عمل کرنے اور پاکستان کی اقتصادی زندگی، مالی استحکام یا ساکھ کے مفاد میں ضروری ہدایات جاری کر سکتا ہے۔ </s>,urdu,510
"<s>[INST] What is the status of taxes and fees levied before the Constitution (Eighteenth Amendment) Act, 2010? [/INST] All taxes and fees levied under any law in force immediately before the commencement of the Constitution (Eighteenth Amendment) Act, 2010, shall continue to be levied until they are varied or abolished by an Act of the appropriate legislature. </s>",eng,591
<s>[INST] دستور (اٹھارویں ترمیم) ایکٹ، ۲۰۱۰ء سے پہلے عائد کردہ محاصل اور فیسوں کی حیثیت کیا ہے؟ [/INST] کسی بھی نافذ العمل قانون کے تحت، تمام محاصل اور فیسیں جو کہ دستور اٹھارویں ترمیم ایکٹ ۲۰۱۰ء کے نفاذ سے فی الفور قبل عائد تھیں بدستور عائد رہیں گی تاوقتیکہ متعلقہ مقننہ کے ایکٹ سے انہیں تبدیل یا ختم کر دیا جائے۔ </s>,urdu,591
"<s>[INST] How long does an Order made by the President remain in force? [/INST] An Order remains in force until a resolution disapproving it is passed by each House or, in case of disagreement between the two Houses, until such resolution is passed at a joint sitting. </s>",eng,572
<s>[INST] صدر کے جاری کردہ فرمان کتنی مدت تک نافذ العمل رہتا ہے؟ [/INST] فرمان اس وقت تک نافذ العمل رہتا ہے جب تک کہ ہر ایوان اسے نامنظور کرنے کی قرارداد منظور نہیں کرتا یا دونوں ایوانوں میں اختلاف کی صورت میں، اس وقت تک جب تک ایسی قرارداد مشترکہ اجلاس میں منظور نہ ہوجائے۔ </s>,urdu,572
"<s>[INST] Who can be requested to serve as an ad hoc Judge in the Supreme Court if there is a need to temporarily increase the number of Judges? [/INST] The Chief Justice of Pakistan, with the approval of the President, can request any person who has held the office of a Judge of the Supreme Court and since whose ceasing to hold that office three years have not elapsed, or require a Judge of a High Court qualified for appointment as a judge of the Supreme Court, with the consent of the Chief Justice of that High Court. </s>",eng,361
<s>[INST] اگر عدالت عظمیٰ کے ججوں کی تعداد میں عارضی طور پر اضافہ کرنے کی ضرورت ہو تو کس کو جج بوقت خاص کے طور پر خدمات انجام دینے کی درخواست کی جا سکتی ہے؟ [/INST] چیف جسٹس پاکستان، صدر کی منظوری سے، کسی ایسے شخص کو جو عدالت عظمیٰ کے جج کے عہدے پر فائز رہا ہو اور اس کے مذکورہ عہدہ چھوڑنے کے بعد سے تین سال کا عرصہ نہ گزرا ہو، درخواست کر سکتا ہے، یا کسی عدالت عالیہ کے چیف جسٹس کی رضامندی سے، اس عدالت کے کسی ایسے جج کو جو عدالت عظمیٰ کا جج مقرر کیے جانے کا اہل ہو، حکم دے سکتا ہے۔ </s>,urdu,361
<s>[INST] Who receives the reports of the Auditor-General related to the accounts of the Federation? [/INST] The reports of the Auditor-General related to the accounts of the Federation are submitted to the President. </s>,eng,337
<s>[INST] وفاق کے حسابات سے متعلق محاسب اعلیٰ کی رپورٹس کس کو پیش کی جاتی ہیں؟ [/INST] وفاق کے حسابات سے متعلق محاسب اعلیٰ کی رپورٹس صدر کو پیش کی جاتی ہیں۔ </s>,urdu,337
<s>[INST] Who decides if the Federal Government's refusal to delegate broadcasting functions to a Provincial Government is unreasonable? [/INST] The question is determined by an arbitrator appointed by the Chief Justice of Pakistan. </s>,eng,308
<s>[INST] اگر وفاقی حکومت کا کسی صوبائی حکومت کو نشریاتی کار منصبی سپرد کرنے سے انکار غیر معقول ہو تو اس کا فیصلہ کون کرتا ہے؟ [/INST] اس سوال کا تصفیہ کوئی ثالث کرے گا جسے چیف جسٹس پاکستان مقرر کرے گا۔ </s>,urdu,308
<s>[INST] Who needs to be kept updated about the Provincial administration and legislative proposals? [/INST] The Governor needs to be kept updated about the Provincial administration and legislative proposals. </s>,eng,257
<s>[INST] صوبائی انتظام اور قانون سازی کی تجاویز کے بارے میں کس کو آگاہ رکھا جانا چاہیے؟ [/INST] گورنر کو صوبائی انتظام اور قانون سازی کی تجاویز کے بارے میں آگاہ رکھا جانا چاہیے۔ </s>,urdu,257
<s>[INST] What is the maximum duration for which the Provincial Assembly can grant funds in advance? [/INST] The maximum duration for which the Provincial Assembly can grant funds in advance is three months. </s>,eng,245
<s>[INST] صوبائی اسمبلی پیشگی کتنے عرصے کے لیے فنڈز کی منظوری دے سکتی ہے؟ [/INST] صوبائی اسمبلی پیشگی فنڈز کی زیادہ سے زیادہ منظوری تین ماہ کے لیے دے سکتی ہے۔ </s>,urdu,245
<s>[INST] Who is responsible for authenticating the schedule of authorized expenditure? [/INST] The Prime Minister is responsible for authenticating the schedule of authorized expenditure. </s>,eng,165
<s>[INST] منظور شدہ مصارف کی توثیق کا ذمہ دار کون ہے؟ [/INST] وزیر اعظم منظور شدہ مصارف کی توثیق کا ذمہ دار ہے۔ </s>,urdu,165
"<s>[INST] Is the Governor allowed to request the presence of Provincial Assembly members? [/INST] Yes, the Governor may require the attendance of the members for addressing the Provincial Assembly. </s>",eng,216
<s>[INST] کیا گورنر صوبائی اسمبلی کے ارکان کی حاضری کا مطالبہ کر سکتا ہے؟ [/INST] جی ہاں، گورنر صوبائی اسمبلی سے خطاب کرنے کے لیے ارکان کی حاضری کا حکم دے سکتا ہے۔ </s>,urdu,216
"<s>[INST] Are actions taken by authorities before the 1985 amendment regarding tax imposition on certain incomes considered valid? [/INST] Yes, all actions taken by authorities before the 1985 amendment regarding tax imposition on certain incomes are considered valid and cannot be questioned in any court. </s>",eng,323
<s>[INST] کیا ۱۹۸۵ء کی ترمیم سے قبل حکام کی طرف سے آمدنی پر محصول عائد کرنے کے حوالے سے کیے گئے اقدامات جائز سمجھے جاتے ہیں؟ [/INST] جی ہاں، ۱۹۸۵ء کی ترمیم سے قبل حکام کی طرف سے آمدنی پر محصول عائد کرنے کے حوالے سے کیے گئے تمام اقدامات جائز سمجھے جاتے ہیں اور کسی بھی عدالت میں ان پر اعتراض نہیں کیا جا سکتا۔ </s>,urdu,323
<s>[INST] Under what condition can a person be deprived of their freedom? [/INST] A person can be deprived of their freedom only in accordance with law. </s>,eng,16
<s>[INST] کسی شخص کو کس حالت میں آزادی سے محروم کیا جا سکتا ہے؟ [/INST] کسی شخص کو صرف قانون کے مطابق آزادی سے محروم کیا جا سکتا ہے۔ </s>,urdu,16
"<s>[INST] Does a person acting in an office automatically become the successor to the previous officeholder? [/INST] No, a person who acts in an office shall not be regarded as the successor to the person who held that office before him. </s>",eng,560
<s>[INST] کیا کسی عہدے پر قائم مقام شخص خود بخود پچھلے عہدے دار کا جانشین بن جاتا ہے؟ [/INST] نہیں، کوئی شخص جو کسی عہدے پر قائم مقام ہو، اسے اس شخص کا جانشین نہیں سمجھا جائے گا جو اس سے پہلے اس عہدے پر فائز تھا۔ </s>,urdu,560
"<s>[INST] Does a bill in the Senate lapse if the National Assembly is dissolved? [/INST] No, a bill pending in the Senate does not lapse on the dissolution of the National Assembly. </s>",eng,152
<s>[INST] اگر قومی اسمبلی تحلیل ہو جائے تو کیا سینیٹ میں زیر غور بل ساقط ہو جائے گا؟ [/INST] نہیں، سینیٹ میں زیر غور بل قومی اسمبلی کے تحلیل ہونے پر ساقط نہیں ہوگا۔ </s>,urdu,152
"<s>[INST] What provisions are made for citizens who are unable to earn their livelihood due to infirmity, sickness, or unemployment? [/INST] The State provides basic necessities of life, such as food, clothing, housing, education, and medical relief, for all such citizens, irrespective of sex, caste, creed, or race, who are permanently or temporarily unable to earn their livelihood due to infirmity, sickness, or unemployment. </s>",eng,69
<s>[INST] وہ شہری جو کمزوری، بیماری یا بیروزگاری کے باعث اپنی روزی نہ کما سکتے ہوں، ان کے لیے کیا انتظامات کیے گئے ہیں؟ [/INST] مملکت ان تمام شہریوں کے لیے جو کمزوری، بیماری یا بیروزگاری کے باعث مستقل یا عارضی طور پر اپنی روزی نہ کما سکتے ہوں بلا لحاظ جنس، ذات، مذہب یا نسل، بنیادی ضروریات زندگی مثلاً خوراک، لباس، رہائش، تعلیم اور طبی امداد مہیا کرے گی۔ </s>,urdu,69
<s>[INST] Who receives the net proceeds from the excise duty on natural gas and oil collected by the Federal Government? [/INST] The net proceeds from the excise duty on natural gas and oil collected by the Federal Government are paid to the Province in which the well-head of natural gas or oil is situated. </s>,eng,313
<s>[INST] قدرتی گیس اور تیل پر وفاقی حکومت کی طرف سے جمع کی گئی ایکسائز ڈیوٹی کی خالص یافت کس کو ملتی ہے؟ [/INST] قدرتی گیس اور تیل پر وفاقی حکومت کی طرف سے جمع کی گئی ایکسائز ڈیوٹی کی خالص یافت اس صوبے کو ادا کی جاتی ہے جس میں قدرتی گیس یا تیل کا ماخذ واقع ہو۔ </s>,urdu,313
"<s>[INST] How should courts interpret existing laws if no adaptations have been made to align them with the Constitution? [/INST] Courts, tribunals, or authorities required to enforce existing laws should construe the laws with all necessary adaptations to bring them into accord with the provisions of the Constitution, even if no formal adaptations have been made. </s>",eng,579
<s>[INST] اگر موجودہ قوانین کو دستور کے مطابق بنانے کے لیے کوئی تطبیق نہ کی گئی ہو تو عدالتوں کو ان قوانین کی تعبیر کیسے کرنی چاہیے؟ [/INST] عدالتیں، ٹربیونلز، یا مجاز حکام جنہیں موجودہ قوانین کے نفاذ کا حکم یا اختیار دیا گیا ہو، ان قوانین کی تعبیر ایسی جملہ تطبیقات کے ساتھ کریں گے جو انہیں دستور کے احکام کی مطابقت میں لانے کے لیے ضروری ہوں، چاہے باضابطہ طور پر کوئی تطبیق نہ کی گئی ہو۔ </s>,urdu,579
"<s>[INST] Who needs to approve a bill that affects the definition of ""agricultural income"" before it is introduced in the National Assembly? [/INST] The President needs to approve such a bill before it is introduced in the National Assembly. </s>",eng,316
<s>[INST] قومی اسمبلی میں پیش کیے جانے سے پہلے زرعی آمدنی کی تعریف کو متاثر کرنے والے بل کی منظوری کون دیتا ہے؟ [/INST] صدر کو ایسے بل کی منظوری دینی ہوتی ہے قبل اس کے کہ وہ قومی اسمبلی میں پیش کیا جائے۔ </s>,urdu,316
<s>[INST] Who appoints the care-taker Prime Minister after the dissolution of the National Assembly? [/INST] The care-taker Prime Minister is appointed by the President in consultation with the Prime Minister and the Leader of the Opposition in the outgoing National Assembly. </s>,eng,483
<s>[INST] قومی اسمبلی کی تحلیل کے بعد نگران وزیراعظم کا تقرر کون کرتا ہے؟ [/INST] نگران وزیراعظم کا تقرر صدر، جانے والی قومی اسمبلی کے وزیراعظم اور قائد حزب اختلاف کی مشاورت سے کرتا ہے۔ </s>,urdu,483
"<s>[INST] What measures are taken to ensure social security for persons employed in Pakistan? [/INST] The State provides social security for all persons employed in the service of Pakistan or otherwise, through compulsory social insurance or other means. </s>",eng,70
<s>[INST] پاکستان میں ملازم اشخاص کے لیے معاشرتی تحفظ کو یقینی بنانے کے لیے کیا اقدامات کیے جاتے ہیں؟ [/INST] مملکت پاکستان کی ملازمت میں، یا بصورت دیگر ملازم تمام اشخاص کو لازمی معاشرتی بیمہ کے ذریعے یا کسی اور طرح معاشرتی تحفظ مہیا کرتی ہے۔ </s>,urdu,70
"<s>[INST] Can someone be denied a job in Pakistan's public service based on their religion or gender? [/INST] No, a citizen cannot be discriminated against in public service appointments based on race, religion, caste, sex, residence, or place of birth. </s>",eng,51
<s>[INST] کیا کسی کو پاکستان کی سرکاری ملازمت میں مذہب یا جنس کی بنیاد پر نوکری سے محروم کیا جا سکتا ہے؟ [/INST] نہیں، کسی شہری کے ساتھ سرکاری ملازمت میں تقرری کے سلسلے میں نسل، مذہب، ذات، جنس، سکونت یا مقام پیدائش کی بنیاد پر امتیاز نہیں برتا جا سکتا۔ </s>,urdu,51
"<s>[INST] How can the office of the Speaker or Deputy Speaker become vacant? [/INST] The office of the Speaker or Deputy Speaker becomes vacant if the officeholder resigns, ceases to be a member of the Assembly, or is removed from office by a resolution of the Assembly with at least seven days' notice and passed by the majority of the total membership of the Assembly. </s>",eng,98
<s>[INST] اسپیکر یا ڈپٹی اسپیکر کا عہدہ کیسے خالی ہو سکتا ہے؟ [/INST] اسپیکر یا ڈپٹی اسپیکر کا عہدہ خالی ہو جاتا ہے اگر عہدہ دار مستعفی ہو جائے، اسمبلی کا رکن نہ رہے، یا اسمبلی کی ایک قرارداد کے ذریعے برطرف کر دیا جائے جس کا کم از کم سات دن کا نوٹس دیا گیا ہو اور جسے اسمبلی کی کل رکنیت کی اکثریت کے ووٹوں سے منظور کیا گیا ہو۔ </s>,urdu,98
<s>[INST] What must the executive authority of a Province ensure? [/INST] The executive authority of a Province must ensure compliance with Federal laws that apply in that Province. </s>,eng,286
<s>[INST] صوبے کے عاملانہ اختیار کو کیا یقینی بنانا چاہیے؟ [/INST] صوبے کے عاملانہ اختیار کو ان وفاقی قوانین کی تعمیل یقینی بنانی چاہیے جو اس صوبے میں اطلاق پذیر ہوں۔ </s>,urdu,286
"<s>[INST] How does the State ensure the rights of minorities? [/INST] The State safeguards the legitimate rights and interests of minorities, including their due representation in the Federal and Provincial services. </s>",eng,65
<s>[INST] ریاست اقلیتوں کے حقوق کو کیسے یقینی بناتی ہے؟ [/INST] ریاست اقلیتوں کے جائز حقوق اور مفادات کا تحفظ کرتی ہے، جن میں وفاقی اور صوبائی ملازمتوں میں ان کی مناسب نمائندگی شامل ہے۔ </s>,urdu,65
<s>[INST] Who provides advice to the President in the exercise of his functions? [/INST] The President acts in accordance with the advice of the Cabinet or the Prime Minister. </s>,eng,87
<s>[INST] صدر کو اپنے کارہائے منصبی کی انجام دہی میں مشورہ کون دیتا ہے؟ [/INST] صدر کابینہ یا وزیر اعظم کے مشورے کے مطابق عمل کرتا ہے۔ </s>,urdu,87
"<s>[INST] Can a person holding an office of profit in the service of Pakistan continue to be a member of the first Provincial Assembly indefinitely? [/INST] No, a person holding an office of profit in the service of Pakistan cannot continue to be a member of the first Provincial Assembly after the expiration of three months from the commencing day. </s>",eng,604
<s>[INST] کیا ملازمت پاکستان میں کسی منفعت بخش عہدے پر فائز شخص پہلی صوبائی اسمبلی کا رکن غیر معینہ مدت تک رہ سکتا ہے؟ [/INST] نہیں، ملازمت پاکستان میں کسی منفعت بخش عہدے پر فائز شخص یوم آغاز سے تین ماہ کے اختتام کے بعد پہلی صوبائی اسمبلی کا رکن برقرار نہیں رہ سکتا۔ </s>,urdu,604
"<s>[INST] What happens to a Money Bill after it is presented in the National Assembly? [/INST] A copy of the Money Bill is transmitted to the Senate, which may make recommendations within fourteen days to the National Assembly. </s>",eng,145
<s>[INST] مالی بل قومی اسمبلی میں پیش ہونے کے بعد کیا ہوتا ہے؟ [/INST] مالی بل کی ایک نقل سینیٹ کو بھیجی جاتی ہے، جو چودہ دن کے اندر قومی اسمبلی کو سفارشات دے سکتی ہے۔ </s>,urdu,145
"<s>[INST] Can the President temporarily change the application of laws at major ports or aerodromes? [/INST] Yes, the President can direct that a specified law shall not apply or shall apply with exceptions or modifications to a major port or aerodrome for a period not exceeding three months. </s>",eng,543
<s>[INST] کیا صدر بڑی بندرگاہوں یا ہوائی اڈوں پر قوانین کے اطلاق کو عارضی طور پر تبدیل کر سکتا ہے؟ [/INST] جی ہاں، صدر ہدایت دے سکتا ہے کہ کوئی مصرحہ قانون کسی بڑی بندرگاہ یا ہوائی اڈے پر اطلاق پذیر نہ ہو یا مستثنیات یا ترامیم کے ساتھ اطلاق پذیر ہو، اور یہ مدت تین ماہ سے زیادہ نہیں ہو گی۔ </s>,urdu,543
<s>[INST] When can the President issue an Ordinance? [/INST] The President can issue an Ordinance when the Senate or National Assembly is not in session and if immediate action is necessary. </s>,eng,177
<s>[INST] صدر آرڈیننس کب جاری کر سکتا ہے؟ [/INST] صدر آرڈیننس اس وقت جاری کر سکتا ہے جب سینیٹ یا قومی اسمبلی کا اجلاس نہ ہو رہا ہو اور فوری کارروائی ضروری ہو۔ </s>,urdu,177
"<s>[INST] What powers does the Court have when performing its functions? [/INST] The Court has the powers of a Civil Court under the Code of Civil Procedure, 1908, including summoning and enforcing attendance, examining on oath, requiring discovery and production of documents, receiving evidence on affidavits, and issuing commissions for examination of witnesses or documents. </s>",eng,419
<s>[INST] عدالت کو اپنے کارہائے منصبی کی انجام دہی کے دوران کون سے اختیارات حاصل ہیں؟ [/INST] عدالت کو مجموعہ ضابطہ دیوانی، ۱۹۰۸ء کے تحت کسی عدالت دیوانی کے اختیارات حاصل ہیں، جن میں کسی شخص کو طلب کرنا اور اس کی حاضری نافذ کرنا، اس کا حلفاً بیان لینا، دستاویزات کے انکشاف اور پیش سازی کا حکم دینا، بیانات حلفی پر شہادت لینا، اور گواہوں یا دستاویزات کے اظہار کے لیے کمیشن کا اجراء کرنا شامل ہیں۔ </s>,urdu,419
<s>[INST] Who has the authority to create rules for the purposes of this Chapter? [/INST] The Court has the authority to create rules for carrying out the purposes of this Chapter. </s>,eng,432
<s>[INST] اس باب کی اغراض کے لیے قواعد وضع کرنے کا اختیار کس کے پاس ہے؟ [/INST] اس باب کی اغراض کی بجا آوری کے لیے قواعد وضع کرنے کا اختیار عدالت کے پاس ہے۔ </s>,urdu,432
<s>[INST] Who is responsible for forming the National Finance Commission? [/INST] The President is responsible for forming the National Finance Commission. </s>,eng,310
<s>[INST] قومی مالیاتی کمیشن کی تشکیل کی ذمہ داری کس پر ہے؟ [/INST] صدر قومی مالیاتی کمیشن کی تشکیل کی ذمہ داری رکھتے ہیں۔ </s>,urdu,310
<s>[INST] What is the fundamental duty of every citizen according to the text? [/INST] The fundamental duty of every citizen is loyalty to the State. </s>,eng,7
<s>[INST] متن کے مطابق ہر شہری کا بنیادی فرض کیا ہے؟ [/INST] ہر شہری کا بنیادی فرض ریاست سے وفاداری ہے۔ </s>,urdu,7
"<s>[INST] Can the Court or the Supreme Court issue an injunction or interim order for cases pending in other courts? [/INST] No, the Court or the Supreme Court cannot issue an injunction or interim order for cases pending in other courts. </s>",eng,431
<s>[INST] کیا عدالت یا عدالت عظمیٰ دیگر عدالتوں میں زیر سماعت مقدمات کے لیے حکم امتناعی یا عبوری حکم جاری کر سکتی ہے؟ [/INST] نہیں، عدالت یا عدالت عظمیٰ دیگر عدالتوں میں زیر سماعت مقدمات کے لیے حکم امتناعی یا عبوری حکم جاری نہیں کر سکتی۔ </s>,urdu,431
"<s>[INST] Who is eligible to vote in the elections for a Provincial Assembly in Pakistan? [/INST] A person is eligible to vote if they are a citizen of Pakistan, at least eighteen years old, their name appears on the electoral roll for any area in the Province, and they are not declared by a competent court to be of unsound mind. </s>",eng,208
<s>[INST] پاکستان میں صوبائی اسمبلی کے انتخابات میں ووٹ دینے کا اہل کون ہے؟ [/INST] کسی شخص کو ووٹ دینے کا حق ہوگا اگر: وہ پاکستان کا شہری ہو؛ وہ اٹھارہ سال سے کم عمر کا نہ ہو؛ اس کا نام صوبے میں کسی علاقے کی انتخابی فہرست میں درج ہو؛ اور کسی مجاز عدالت کی طرف سے فاتر العقل قرار نہ دیا گیا ہو۔ </s>,urdu,208
"<s>[INST] Who has the authority to make provisions for areas in Pakistan that are not part of a Province? [/INST] The President has the authority to make provisions for peace and good government of any part of Pakistan not forming part of a Province, subject to the Constitution and until the Parliament provides otherwise by law. </s>",eng,554
<s>[INST] پاکستان کے ان علاقوں کے لیے جو کسی صوبے کا حصہ نہیں ہیں، احکام جاری کرنے کا اختیار کس کے پاس ہے؟ [/INST] آئین کے تابع اور جب تک پارلیمنٹ قانون کے ذریعے کوئی اور حکم نہ دے، صدر کے پاس پاکستان کے کسی ایسے حصے کے امن و امان اور اچھے نظم و نسق کے لیے احکام جاری کرنے کا اختیار ہے جو کسی صوبے کا حصہ نہ ہو۔ </s>,urdu,554
"<s>[INST] Can the Governor ask for reconsideration of the advice given to him? [/INST] Yes, the Governor can ask the Cabinet or the Chief Minister to reconsider the advice within fifteen days, and then he must act in accordance with the advice given after reconsideration within ten days. </s>",eng,206
<s>[INST] کیا گورنر دیئے گئے مشورے پر دوبارہ غور کرنے کا کہہ سکتا ہے؟ [/INST] جی ہاں، گورنر پندرہ دن کے اندر کابینہ یا وزیر اعلیٰ کو مشورے پر دوبارہ غور کرنے کا کہہ سکتا ہے، اور پھر گورنر کو دس دن کے اندر دوبارہ غور کے بعد دیئے گئے مشورے کے مطابق عمل کرنا ہوگا۔ </s>,urdu,206
"<s>[INST] Can the Supreme Court of Pakistan review its own decisions? [/INST] Yes, the Supreme Court of Pakistan has the power to review any judgment pronounced or any order made by it. </s>",eng,376
<s>[INST] کیا پاکستان کی عدالت عظمیٰ اپنے فیصلوں کا جائزہ لے سکتی ہے؟ [/INST] جی ہاں، پاکستان کی عدالت عظمیٰ کو اپنے صادر کردہ کسی فیصلے یا دیے ہوئے کسی حکم پر نظرثانی کرنے کا اختیار ہے۔ </s>,urdu,376
<s>[INST] What type of government does Pakistan have? [/INST] Pakistan is a Federal Republic known as the Islamic Republic of Pakistan. </s>,eng,0
<s>[INST] پاکستان میں کس قسم کی حکومت ہے؟ [/INST] پاکستان ایک وفاقی جمہوریہ ہے جسے اسلامی جمہوریہ پاکستان کہا جاتا ہے۔ </s>,urdu,0
<s>[INST] What was omitted by S.R.O. No. 1278 (1) 85? [/INST] The establishment of Military Courts or Tribunals was omitted by S.R.O. No. 1278 (1) 85. </s>,eng,456
<s>[INST] ایس آر او نمبر ۱۲۷۸ (۱) ۸۵ کے ذریعے کیا حذف کیا گیا؟ [/INST] فوجی عدالتوں یا ٹربیونلوں کا قیام ایس آر او نمبر ۱۲۷۸ (۱) ۸۵ کے ذریعے حذف کیا گیا۔ </s>,urdu,456
"<s>[INST] What happens to the revenues and loans received by the Provincial Government? [/INST] All revenues received by the Provincial Government, all loans raised by that Government, and all moneys received by it in repayment of any loan, shall form part of a consolidated fund, known as the Provincial Consolidated Fund. </s>",eng,232
<s>[INST] صوبائی حکومت کے وصول شدہ محاصل اور قرضہ جات کا کیا ہوتا ہے؟ [/INST] صوبائی حکومت کے وصول شدہ تمام محاصل، اس حکومت کے جاری کردہ جملہ قرضہ جات اور کسی قرضہ کی واپسی کے سلسلہ میں اسے وصول ہونے والی تمام رقوم، ایک مجموعی فنڈ کا حصہ بنیں گی جس کا نام صوبائی مجموعی فنڈ ہوگا۔ </s>,urdu,232
"<s>[INST] What are the Provincially Administered Tribal Areas? [/INST] The Provincially Administered Tribal Areas include the districts of Chitral, Dir, and Swat (which includes Kalam), the Tribal Area in Kohistan district, Malakand Protected Area, the Tribal Area adjoining Mansehra district, the former State of Amb, Zhob district, Loralai district (excluding Duki Tehsil), Dalbandin Tehsil of Chagai district, and Marri and Bugti Tribal territories of Sibi district. </s>",eng,531
<s>[INST] صوبے کے زیر انتظام قبائلی علاقے جات کون سے ہیں؟ [/INST] صوبے کے زیر انتظام قبائلی علاقے جات میں چترال، دیر اور سوات (جس میں کالام شامل ہے) کے اضلاع، ضلع کوہستان کا قبائلی علاقہ، مالاکنڈ کا محفوظ علاقہ، ضلع مانسہرہ سے ملحقہ قبائلی علاقہ، امب کی سابق ریاست، ضلع ژوب، ضلع لورالائی (تحصیل ڈکی کے علاوہ)، ضلع چاغی کی تحصیل دالبندین، اور ضلع سبی کے مری اور بگٹی قبائلی علاقے جات شامل ہیں۔ </s>,urdu,531
"<s>[INST] Can legal proceedings be initiated against authorities for actions taken under Martial Law Orders during the specified period? [/INST] No, no suit or other legal proceedings shall lie in any court against any authority or person for actions taken under Martial Law Orders during the specified period. </s>",eng,581
<s>[INST] کیا مارشل لاء کے احکام کے تحت کیے گئے اقدامات کے لیے حکام کے خلاف قانونی کارروائی کی جا سکتی ہے؟ [/INST] نہیں، مارشل لاء کے احکام کے تحت کیے گئے اقدامات کے لیے کسی حکام یا شخص کے خلاف کسی عدالت میں کوئی مقدمہ دائر نہیں کیا جائے گا یا دیگر قانونی کارروائی نہیں کی جائے گی۔ </s>,urdu,581
"<s>[INST] Who has the authority to make rules for the procedure of joint sittings of the two Houses? [/INST] The President, after consultation with the Speaker of the National Assembly and the Chairman, has the authority to make rules for the procedure of joint sittings of the two Houses. </s>",eng,142
<s>[INST] دونوں ایوانوں کے مشترکہ اجلاس کے ضابطہ کار کے قواعد بنانے کا اختیار کس کے پاس ہے؟ [/INST] صدر، قومی اسمبلی کے اسپیکر اور چیئرمین سے مشورے کے بعد، دونوں ایوانوں کے مشترکہ اجلاس کے ضابطہ کار کے قواعد بنانے کا اختیار رکھتا ہے۔ </s>,urdu,142
"<s>[INST] Can the government make laws that would normally be restricted during an emergency period? [/INST] Yes, the government can make laws or take executive actions that would normally be restricted during an emergency period, but such laws will cease to have effect once the emergency is revoked or has ceased to be in force. </s>",eng,504
<s>[INST] کیا حکومت ہنگامی حالت کے دوران ایسے قوانین بنا سکتی ہے جو عام حالات میں محدود ہوں؟ [/INST] جی ہاں، حکومت ہنگامی حالت کے دوران ایسے قوانین بنا سکتی ہے یا عاملانہ اقدامات اٹھا سکتی ہے جو عام حالات میں محدود ہوں، مگر ایسے قوانین اس وقت غیر مؤثر ہو جائیں گے جب ہنگامی حالت منسوخ کر دی جائے یا نافذ العمل نہ رہے۔ </s>,urdu,504
"<s>[INST] How many seats are there in the National Assembly of Pakistan? [/INST] There are three hundred and thirty-six seats for members in the National Assembly, including seats reserved for women and non-Muslims. </s>",eng,93
<s>[INST] پاکستان کی قومی اسمبلی میں کتنی نشستیں ہیں؟ [/INST] قومی اسمبلی میں اراکین کے لیے تین سو چھتیس نشستیں ہیں، جن میں خواتین اور غیر مسلموں کے لیے مخصوص نشستیں شامل ہیں۔ </s>,urdu,93
<s>[INST] What is the Supreme Court required to do when the President refers a legal question to it? [/INST] The Supreme Court is required to consider the question and report its opinion on the matter to the President. </s>,eng,372
<s>[INST] جب صدر کسی قانونی سوال کو عدالت عظمیٰ کے پاس بھیجتا ہے تو عدالت عظمیٰ کو کیا کرنا ہوتا ہے؟ [/INST] عدالت عظمیٰ کو اس سوال پر غور کرنا ہوتا ہے اور صدر کو اس معاملے پر اپنی رائے سے مطلع کرنا ہوتا ہے۔ </s>,urdu,372
<s>[INST] Who has the authority to impose taxes for the Federation? [/INST] Taxes for the Federation can only be imposed by or under the authority of the Majlis-e-Shoora (Parliament). </s>,eng,154
<s>[INST] وفاق کے لیے محصول لگانے کا اختیار کس کے پاس ہے؟ [/INST] وفاق کے لیے محصول صرف مجلس شوریٰ (پارلیمنٹ) کے ایکٹ کے ذریعے یا اس کے اختیار کے تحت لگایا جا سکتا ہے۔ </s>,urdu,154
"<s>[INST] Are there any circumstances under which civil proceedings can be initiated against the President or a Governor during their term? [/INST] Civil proceedings in which relief is claimed against the President or a Governor can be instituted during his term of office if, at least sixty days before the proceedings are instituted, notice in writing has been delivered to him, stating the nature of the proceedings, the cause of action, the name, description and place of residence of the party by whom the proceedings are to be instituted and the relief which the party claims. </s>",eng,534
<s>[INST] کیا کوئی ایسی صورت حال ہے جس میں صدر یا گورنر کے خلاف ان کے عہدے کی میعاد کے دوران دیوانی مقدمہ قائم کیا جا سکتا ہے؟ [/INST] صدر یا گورنر کے خلاف ان کے عہدے کی میعاد کے دوران دیوانی مقدمہ قائم کیا جا سکتا ہے اگر مقدمہ قائم ہونے سے کم از کم ساٹھ دن پیشتر اس کو تحریری نوٹس دیا گیا ہو جس میں مقدمہ کی نوعیت، کارروائی کی وجہ، اس فریق کا نام، کیفیت اور جائے رہائش جس کی جانب سے مقدمہ قائم ہونا ہے اور داد رسی جس کا دعویٰ وہ فریق کرتا ہے، درج ہو۔ </s>,urdu,534
"<s>[INST] Who has the authority to determine the functions and powers of the Auditor-General? [/INST] The functions and powers of the Auditor-General may be determined by or under an Act of Majlis-e-Shoora (Parliament) and, until so determined, by Order of the President. </s>",eng,333
<s>[INST] محاسب اعلیٰ کے فرائض اور اختیارات کو متعین کرنے کا اختیار کس کے پاس ہے؟ [/INST] محاسب اعلیٰ کے فرائض اور اختیارات مجلس شوریٰ (پارلیمنٹ) کے ایکٹ کے ذریعے یا اس کے تحت متعین کیے جا سکتے ہیں اور، جب تک اس طرح متعین نہ ہوں، صدر کے فرمان کے ذریعے ہوں گے۔ </s>,urdu,333
<s>[INST] How is a vacancy in the office of the Commissioner or a member filled? [/INST] A vacancy in the office of the Commissioner or a member shall be filled within forty-five days. </s>,eng,465
<s>[INST] کمشنر یا کسی رکن کے عہدہ کی خالی اسامی کیسے پر کی جاتی ہے؟ [/INST] کمشنر یا کسی رکن کے عہدہ کی خالی اسامی پینتالیس دنوں کے اندر پر کی جائے گی۔ </s>,urdu,465
"<s>[INST] Can the Advocate-General participate in the discussions of the Provincial Assembly? [/INST] Yes, the Advocate-General can speak and take part in the proceedings of the Provincial Assembly or any committee thereof. </s>",eng,217
<s>[INST] کیا ایڈووکیٹ جنرل صوبائی اسمبلی کی بحث میں حصہ لے سکتا ہے؟ [/INST] جی ہاں، ایڈووکیٹ جنرل صوبائی اسمبلی یا اس کی کسی کمیٹی کی کارروائی میں تقریر کر سکتا ہے اور حصہ لے سکتا ہے۔ </s>,urdu,217
"<s>[INST] How long can a Proclamation issued by the President remain in force without approval from a joint sitting? [/INST] A Proclamation issued by the President can remain in force for two months without approval from a joint sitting, and it can be extended for further periods not exceeding two months at a time, but it cannot remain in force for more than six months in total. </s>",eng,509
<s>[INST] صدر کی طرف سے جاری کردہ اعلان مشترکہ اجلاس کی منظوری کے بغیر کتنی مدت تک نافذ العمل رہ سکتا ہے؟ [/INST] صدر کی طرف سے جاری کردہ اعلان مشترکہ اجلاس کی منظوری کے بغیر دو ماہ تک نافذ العمل رہ سکتا ہے، اور اسے مزید مدت کے لیے بڑھایا جا سکتا ہے جو دو ماہ سے زیادہ نہ ہو، لیکن یہ کسی بھی صورت میں چھ ماہ سے زیادہ تک نافذ العمل نہیں رہ سکتا۔ </s>,urdu,509
"<s>[INST] Are there any limitations on the right to freedom of speech and expression in Pakistan? [/INST] Yes, the right to freedom of speech and expression is subject to reasonable restrictions imposed by law in the interest of the glory of Islam, the integrity, security or defence of Pakistan, friendly relations with foreign States, public order, decency or morality, or in relation to contempt of court, commission of or incitement to an offence. </s>",eng,34
<s>[INST] کیا پاکستان میں تقریر اور اظہار خیال کی آزادی کے حق پر کوئی پابندیاں ہیں؟ [/INST] جی ہاں، تقریر اور اظہار خیال کی آزادی کا حق قانون کے ذریعے عائد کردہ مناسب پابندیوں کے تابع ہے، جو اسلام کی عظمت، پاکستان کی سالمیت، سلامتی یا دفاع، غیر ممالک کے ساتھ دوستانہ تعلقات، امن عامہ، تہذیب یا اخلاق کے مفاد کے پیش نظر یا توہین عدالت، کسی جرم کے ارتکاب یا اس کی ترغیب سے متعلق ہوں۔ </s>,urdu,34
<s>[INST] In whose name are all executive actions of the Provincial Government taken? [/INST] All executive actions of the Provincial Government are taken in the name of the Governor. </s>,eng,266
<s>[INST] صوبائی حکومت کی تمام عاملانہ کارروائیاں کس کے نام سے ظاہر کی جاتی ہیں؟ [/INST] صوبائی حکومت کی تمام عاملانہ کارروائیاں گورنر کے نام سے ظاہر کی جاتی ہیں۔ </s>,urdu,266
"<s>[INST] Are there any exceptions to the binding nature of the Court's decisions on lower courts? [/INST] Yes, the binding nature of the Court's decisions is subject to Articles 203D and 203F. </s>",eng,428
<s>[INST] کیا عدالت کے فیصلوں کی ماتحت عدالتوں پر پابندی کے حوالے سے کوئی استثنیٰ ہے؟ [/INST] جی ہاں، عدالت کے فیصلوں کی پابندی آرٹیکل 203۔ڈی اور 203۔ایف کے تابع ہے۔ </s>,urdu,428
<s>[INST] Who needs to give notice to initiate the process of removing the President? [/INST] Not less than one-half of the total membership of either House needs to give written notice to the Speaker of the National Assembly or the Chairman to initiate the process. </s>,eng,85
<s>[INST] صدر کو ہٹانے کے عمل کو شروع کرنے کے لیے نوٹس کون دے گا؟ [/INST] کسی بھی ایوان کی کل رکنیت کے کم از کم نصف ارکان کو اسپیکر قومی اسمبلی یا چیئرمین کو تحریری نوٹس دینا ہو گا تاکہ اس عمل کو شروع کیا جا سکے۔ </s>,urdu,85
<s>[INST] Who has the authority to approve the rules for appointing officers and staff for the Election Commission? [/INST] The President has the authority to approve the rules for appointing officers and staff for the Election Commission. </s>,eng,475
<s>[INST] الیکشن کمیشن کے افسران اور عملہ کے تقرر کے قواعد کی منظوری دینے کا اختیار کس کے پاس ہے؟ [/INST] صدر کے پاس الیکشن کمیشن کے افسران اور عملہ کے تقرر کے قواعد کی منظوری دینے کا اختیار ہے۔ </s>,urdu,475
"<s>[INST] Who can refer a question to the Islamic Council for advice on whether a proposed law aligns with Islamic principles? [/INST] The President or the Governor of a Province can refer a question to the Islamic Council, or a House or a Provincial Assembly can do so if two-fifths of its total membership requires it. </s>",eng,495
<s>[INST] کون اسلامی کونسل سے مشورہ کے لئے سوال بھیج سکتا ہے کہ آیا کوئی مجوزہ قانون اسلامی اصولوں کے مطابق ہے؟ [/INST] صدر یا کسی صوبے کا گورنر سوال بھیج سکتا ہے، یا اگر کسی ایوان یا کسی صوبائی اسمبلی کی کل رکنیت کا دو پانچواں حصہ یہ مطالبہ کرے تو وہ بھی سوال بھیج سکتے ہیں۔ </s>,urdu,495
<s>[INST] Who appoints the members of the Islamic Council? [/INST] The members of the Islamic Council are appointed by the President. </s>,eng,493
<s>[INST] اسلامی کونسل کے ارکان کو کون مقرر کرتا ہے؟ [/INST] اسلامی کونسل کے ارکان کو صدر مقرر کرتا ہے۔ </s>,urdu,493
"<s>[INST] How long is the power to remove difficulties available after the commencement of the Eighteenth Amendment Act, 2010? [/INST] The power to remove difficulties is available for a period of one year from the commencement of the Eighteenth Amendment Act, 2010. </s>",eng,574
<s>[INST] اٹھارویں ترمیم ایکٹ، 2010 کے آغاز نفاذ کے بعد مشکلات کے ازالے کا اختیار کتنی مدت تک میسر ہوگا؟ [/INST] مشکلات کے ازالے کا اختیار ایکٹ کے آغاز نفاذ سے ایک سال کی مدت تک میسر ہوگا۔ </s>,urdu,574
"<s>[INST] Can citizens choose any job or business they want? [/INST] Yes, every citizen has the right to enter upon any lawful profession or occupation, and to conduct any lawful trade or business, subject to qualifications prescribed by law. </s>",eng,32
<s>[INST] کیا شہری کوئی بھی نوکری یا کاروبار منتخب کر سکتے ہیں؟ [/INST] جی ہاں، ہر شہری کو کوئی جائز پیشہ یا مشغلہ اختیار کرنے اور کوئی جائز تجارت یا کاروبار کرنے کا حق ہوگا، بشرطیکہ قانون کے ذریعے مقرر کردہ شرائط کی پابندی کی جائے۔ </s>,urdu,32
"<s>[INST] Are the elections held under the 1977 and 2002 orders considered to be under the Constitution? [/INST] Yes, the elections held under the Houses of Parliament and Provincial Assemblies (Elections) Order, 1977, and the Conduct of General Elections Order, 2002, are deemed to have been held under the Constitution. </s>",eng,592
<s>[INST] کیا ۱۹۷۷ء اور ۲۰۰۲ء کے فرامین کے تحت منعقد شدہ انتخابات دستور کے تحت متصور ہوتے ہیں؟ [/INST] جی ہاں، ایوانہائے پارلیمنٹ اور صوبائی اسمبلیوں کے انتخابات، جو ۱۹۷۷ء کے فرمان اور عام انتخابات کے انعقاد کا فرمان ۲۰۰۲ء کے تحت منعقد ہوئے، دستور کے تحت متصور ہوتے ہیں۔ </s>,urdu,592
"<s>[INST] Can a Judge from one High Court be required to attend sittings of another High Court? [/INST] Yes, a Judge from one High Court can be required to attend sittings of another High Court if it is necessary to temporarily increase the number of Judges, but only with the Judge's consent, the approval of the President, and after consultation with the Chief Justice of Pakistan and the Chief Justice of the High Court of which the Judge is a member. </s>",eng,401
<s>[INST] کیا کسی عدالت عالیہ کے جج کو کسی دوسری عدالت عالیہ کے اجلاس میں شریک ہونے کا حکم دیا جا سکتا ہے؟ [/INST] جی ہاں، کسی عدالت عالیہ کے جج کو کسی دوسری عدالت عالیہ کے اجلاس میں شریک ہونے کا حکم دیا جا سکتا ہے اگر عارضی طور پر ججوں کی تعداد میں اضافہ کرنا ضروری ہو، لیکن صرف جج کی رضامندی، صدر کی منظوری، اور چیف جسٹس پاکستان اور اس عدالت عالیہ کے چیف جسٹس کے مشورے کے بعد جس کا وہ جج ہو۔ </s>,urdu,401
<s>[INST] Who appoints the acting Chief Justice when the Chief Justice of Pakistan is unable to perform his duties? [/INST] The President appoints the most senior of the other Judges of the Supreme Court to act as Chief Justice of Pakistan. </s>,eng,357
<s>[INST] جب چیف جسٹس پاکستان اپنے فرائض انجام دینے سے قاصر ہو تو قائم مقام چیف جسٹس کو کون مقرر کرتا ہے؟ [/INST] صدر عدالت عظمیٰ کے دوسرے ججوں میں سے مقدم ترین جج کو قائم مقام چیف جسٹس پاکستان کی حیثیت سے مقرر کرتا ہے۔ </s>,urdu,357
"<s>[INST] How are decisions made in the National Assembly? [/INST] All decisions of the National Assembly are taken by a majority of the members present and voting, but the person presiding does not vote except in the case of a tie. </s>",eng,103
<s>[INST] قومی اسمبلی میں فیصلے کیسے کیے جاتے ہیں؟ [/INST] قومی اسمبلی کے تمام فیصلے حاضر اور ووٹ دینے والے ارکان کی اکثریت سے کیے جاتے ہیں، لیکن صدارت کرنے والا شخص ووٹ نہیں دے گا سوائے اس صورت کے جب ووٹ مساوی ہوں۔ </s>,urdu,103
"<s>[INST] Can a Commissioner or member hold another job that pays for services while in office? [/INST] No, a Commissioner or member cannot hold any other job that pays for services while in office. </s>",eng,466
<s>[INST] کیا کمشنر یا رکن دوران عہدہ کوئی دوسرا ملازمت کر سکتا ہے جس میں خدمات کے لیے معاوضہ ملتا ہو؟ [/INST] نہیں، کمشنر یا رکن دوران عہدہ کوئی دوسرا ملازمت نہیں کر سکتا جس میں خدمات کے لیے معاوضہ ملتا ہو۔ </s>,urdu,466
<s>[INST] For how long can the validity of certain instruments not be questioned in court? [/INST] The validity of certain instruments cannot be questioned in court for a period of two years from the commencing day. </s>,eng,584
<s>[INST] کچھ دستاویزات کے جواز کو کتنے عرصے تک عدالت میں زیر بحث نہیں لایا جا سکتا؟ [/INST] کچھ دستاویزات کے جواز کو یوم آغاز سے دو سال کے عرصے تک عدالت میں زیر بحث نہیں لایا جا سکتا۔ </s>,urdu,584
<s>[INST] What is the maximum duration for which the National Assembly can grant funds in advance? [/INST] The maximum duration for which the National Assembly can grant funds in advance is four months. </s>,eng,170
<s>[INST] قومی اسمبلی پیشگی فنڈز کی منظوری زیادہ سے زیادہ کتنے عرصے کے لیے دے سکتی ہے؟ [/INST] قومی اسمبلی پیشگی فنڈز کی منظوری زیادہ سے زیادہ چار ماہ کے لیے دے سکتی ہے۔ </s>,urdu,170
"<s>[INST] What happens if a member of the first Provincial Assembly does not take the oath within twenty-one days from the first meeting? [/INST] If a member of the first Provincial Assembly does not take the oath within twenty-one days from the first meeting, without leave of the Speaker of the Provincial Assembly granted on reasonable cause shown, his seat shall become vacant at the expiration of that period. </s>",eng,603
<s>[INST] اگر پہلی صوبائی اسمبلی کا کوئی رکن پہلے اجلاس کے دن سے اکیس روز کے اندر حلف نہ اٹھائے تو کیا ہوتا ہے؟ [/INST] اگر پہلی صوبائی اسمبلی کا کوئی رکن پہلے اجلاس کے دن سے اکیس روز کے اندر، ظاہر کردہ معقول وجوہ کی بناء پر صوبائی اسمبلی کے اسپیکر کی جانب سے دی گئی اجازت کے بغیر، حلف نہ اٹھائے تو اس مدت کے اختتام پر اس کی نشست خالی ہو جائے گی۔ </s>,urdu,603
"<s>[INST] Can a provincial government assign its responsibilities to the federal government? [/INST] Yes, a provincial government can assign its responsibilities to the federal government with the consent of the Federal Government. </s>",eng,284
<s>[INST] کیا صوبائی حکومت اپنی ذمہ داریاں وفاقی حکومت کو سونپ سکتی ہے؟ [/INST] جی ہاں، صوبائی حکومت وفاقی حکومت کی رضامندی سے اپنی ذمہ داریاں وفاقی حکومت کو سونپ سکتی ہے۔ </s>,urdu,284
"<s>[INST] Who are the members of the Supreme Judicial Council in Pakistan? [/INST] The members of the Supreme Judicial Council in Pakistan are the Chief Justice of Pakistan, the two next most senior Judges of the Supreme Court, and the two most senior Chief Justices of High Courts. </s>",eng,446
<s>[INST] پاکستان کی اعلیٰ عدالتی کونسل کے ارکان کون ہیں؟ [/INST] پاکستان کی اعلیٰ عدالتی کونسل کے ارکان چیف جسٹس پاکستان، عدالت عظمیٰ کے دو مقدم ترین جج، اور عدالت ہائے عالیہ کے دو مقدم ترین چیف جسٹس ہیں۔ </s>,urdu,446
"<s>[INST] Is it allowed for a religious community to provide religious instruction in their own educational institutions? [/INST] Yes, a religious community or denomination can provide religious instruction for pupils of that community or denomination in any educational institution maintained wholly by that community or denomination. </s>",eng,41
<s>[INST] کیا کسی مذہبی فرقے کو اپنے تعلیمی اداروں میں مذہبی تعلیم دینے کی اجازت ہے؟ [/INST] جی ہاں، کسی مذہبی فرقے یا گروہ کو کسی تعلیمی ادارے میں جو کلی طور پر اس فرقے یا گروہ کے زیر اہتمام چلایا جاتا ہو، اس فرقے یا گروہ کے طلباء کو مذہبی تعلیم دینے کی ممانعت نہ ہوگی۔ </s>,urdu,41
"<s>[INST] Can citizens be denied entry to public entertainment places based on their religion or race? [/INST] No, there shall be no discrimination against any citizen on the ground only of race, religion, caste, sex, residence, or place of birth in respect of access to places of public entertainment or resort. </s>",eng,49
<s>[INST] کیا شہریوں کو ان کے مذہب یا نسل کی بنیاد پر عوامی تفریحی مقامات میں داخلے سے روکا جا سکتا ہے؟ [/INST] نہیں، عوامی تفریحی یا اجتماع کی جگہوں پر آنے جانے کے لیے کسی شہری کے ساتھ محض نسل، مذہب، ذات، جنس، سکونت یا مقام پیدائش کی بنا پر کوئی امتیاز روا نہیں رکھا جائے گا۔ </s>,urdu,49
<s>[INST] Who appoints the Governor for each Province in Pakistan? [/INST] The Governor for each Province is appointed by the President on the advice of the Prime Minister. </s>,eng,198
<s>[INST] پاکستان میں ہر صوبے کے گورنر کو کون مقرر کرتا ہے؟ [/INST] ہر صوبے کے گورنر کو صدر وزیر اعظم کے مشورے پر مقرر کرتا ہے۔ </s>,urdu,198
"<s>[INST] Who has the right to speak and participate in the proceedings of either House or any committee in the Parliament? [/INST] The Prime Minister, a Federal Minister, a Minister of State, and the Attorney General have the right to speak and participate in the proceedings of either House or any committee in the Parliament. </s>",eng,107
<s>[INST] پارلیمنٹ کے کسی بھی ایوان یا کسی کمیٹی کی کارروائی میں تقریر کرنے اور حصہ لینے کا حق کس کو حاصل ہے؟ [/INST] وزیراعظم، کسی وفاقی وزیر، کسی وزیر مملکت اور اٹارنی جنرل کو پارلیمنٹ کے کسی بھی ایوان یا کسی کمیٹی کی کارروائی میں تقریر کرنے اور حصہ لینے کا حق حاصل ہے۔ </s>,urdu,107
"<s>[INST] Are the General Elections 2008 considered to have been held under the Constitution? [/INST] Yes, the General Elections 2008 are deemed to have been held under the Constitution and shall have effect accordingly. </s>",eng,595
<s>[INST] کیا عام انتخابات ۲۰۰۸ء کو آئین کے تحت منعقدہ تصور کیا جاتا ہے؟ [/INST] جی ہاں، عام انتخابات ۲۰۰۸ء کو آئین کے تحت منعقدہ تصور کیا جاتا ہے اور بحسبہ مؤثر ہوں گے۔ </s>,urdu,595
"<s>[INST] What determines the extent of a Province's executive authority? [/INST] The extent of a Province's executive authority is determined by the matters on which the Provincial Assembly has the power to make laws, subject to the Constitution. </s>",eng,263
<s>[INST] صوبے کے عاملانہ اختیار کی وسعت کا تعین کس چیز سے ہوتا ہے؟ [/INST] صوبے کے عاملانہ اختیار کی وسعت ان امور پر منحصر ہے جن پر صوبائی اسمبلی کو قوانین بنانے کا اختیار ہے، دستور کے تابع۔ </s>,urdu,263
"<s>[INST] Can other courts handle cases that fall under the jurisdiction of Administrative Courts or Tribunals? [/INST] No, once an Administrative Court or Tribunal is established, no other court can grant an injunction, make any order, or entertain any proceedings related to matters within the jurisdiction of the Administrative Court or Tribunal. </s>",eng,452
<s>[INST] کیا دیگر عدالتیں ان مقدمات کی سماعت کر سکتی ہیں جو انتظامی عدالتوں یا ٹربیونلز کے دائرہ اختیار میں آتے ہیں؟ [/INST] نہیں، ایک بار جب کوئی انتظامی عدالت یا ٹربیونل قائم ہو جائے، تو کوئی دوسری عدالت کسی ایسے معاملے کے متعلق جس کا اختیار سماعت ایسی انتظامی عدالت یا ٹربیونل کو حاصل ہو، کوئی حکم امتناعی جاری نہیں کرے گی، کوئی حکم صادر نہیں کرے گی یا کسی کارروائی کی سماعت نہیں کرے گی۔ </s>,urdu,452
"<s>[INST] Is a person who has acquired foreign citizenship eligible to be a member of the Parliament? [/INST] No, a person who acquires the citizenship of a foreign State is disqualified from being a member of the Parliament. </s>",eng,122
<s>[INST] کیا کوئی شخص جو غیر ملکی شہریت حاصل کر چکا ہو، پارلیمنٹ کا رکن بننے کا اہل ہے؟ [/INST] نہیں، جو شخص کسی بیرونی ریاست کی شہریت حاصل کرتا ہے وہ پارلیمنٹ کا رکن بننے کے لیے نااہل ہوتا ہے۔ </s>,urdu,122
"<s>[INST] What happens if a member of a House or Provincial Assembly becomes a candidate for a second seat? [/INST] If a member of a House or Provincial Assembly becomes a candidate for a second seat, their first seat will become vacant as soon as they are elected to the second seat. </s>",eng,481
<s>[INST] اگر کسی ایوان یا کسی صوبائی اسمبلی کا کوئی رکن کسی دوسری نشست کا امیدوار ہوجائے تو کیا ہوتا ہے؟ [/INST] اگر کسی ایوان یا کسی صوبائی اسمبلی کا کوئی رکن کسی دوسری نشست کا امیدوار ہوجائے تو اس کی پہلی نشست اس کے دوسری نشست پر منتخب ہوتے ہی خالی ہوجائے گی۔ </s>,urdu,481
"<s>[INST] Are acts done by any person under President's Orders during the specified period considered valid? [/INST] Yes, acts done by any person under President's Orders during the specified period are deemed to be valid and cannot be questioned in any court. </s>",eng,582
<s>[INST] کیا فرامین صدر کے تحت کسی شخص کے کیے گئے افعال مذکورہ مدت کے دوران جائز سمجھے جاتے ہیں؟ [/INST] جی ہاں، فرامین صدر کے تحت کسی شخص کے کیے گئے افعال مذکورہ مدت کے دوران جائز سمجھے جاتے ہیں اور ان پر کسی عدالت میں اعتراض نہیں کیا جا سکتا۔ </s>,urdu,582
"<s>[INST] What is the role of the Election Commission if the Committee cannot decide on a care-taker Prime Minister or Chief Minister? [/INST] If the Committee cannot decide on a care-taker Prime Minister or Chief Minister within the specified period, the names of the nominees will be referred to the Election Commission of Pakistan, which will make the final decision within two days. </s>",eng,486
<s>[INST] اگر کمیٹی نگران وزیر اعظم یا نگران وزیر اعلیٰ کے بارے میں فیصلہ نہ کر سکے تو الیکشن کمیشن کا کیا کردار ہوگا؟ [/INST] اگر کمیٹی مقررہ مدت کے اندر نگران وزیر اعظم یا نگران وزیر اعلیٰ کے بارے میں فیصلہ نہ کر سکے تو نامزدگان کے نام الیکشن کمیشن پاکستان کو بھیجے جائیں گے جو دو دنوں میں حتمی فیصلہ کرے گا۔ </s>,urdu,486
"<s>[INST] Are the terms and conditions of service for judges of the Supreme Court and High Court the same? [/INST] Yes, the terms and conditions of service for judges of both the Supreme Court and High Court are provided in the Fifth Schedule. </s>",eng,438
<s>[INST] کیا سپریم کورٹ اور ہائی کورٹ کے ججوں کی ملازمت کی شرائط ایک جیسی ہیں؟ [/INST] جی ہاں، سپریم کورٹ اور ہائی کورٹ کے ججوں کی ملازمت کی شرائط جدول پنجم میں مذکور ہیں۔ </s>,urdu,438
"<s>[INST] What happens when both the Parliament and the Provincial Assembly have the power to make laws on a matter? [/INST] When both the Parliament and the Provincial Assembly have the power to make laws on a matter, the executive authority of the Province is subject to and limited by the executive authority expressly conferred by the Constitution or by law made by the Parliament upon the Federal Government or its authorities. </s>",eng,264
<s>[INST] اگر کسی معاملے پر پارلیمنٹ اور صوبائی اسمبلی دونوں کو قوانین بنانے کا اختیار ہو تو کیا ہوتا ہے؟ [/INST] جب کسی معاملے پر پارلیمنٹ اور صوبائی اسمبلی دونوں کو قوانین بنانے کا اختیار ہو، تو صوبے کا عاملانہ اختیار اس عاملانہ اختیار سے مشروط اور محدود ہوگا جو دستور یا پارلیمنٹ کے بنائے ہوئے قانون کے ذریعے وفاقی حکومت یا اس کی ہیئت ہائے مجاز کو بالصر احت تفویض کیا گیا ہو۔ </s>,urdu,264
"<s>[INST] Can the government of Pakistan be taken to court? [/INST] Yes, the Federation may be sued by the name of Pakistan. </s>",eng,344
<s>[INST] کیا پاکستان کی حکومت کو عدالت میں لے جایا جا سکتا ہے؟ [/INST] جی ہاں، وفاق کے خلاف پاکستان کے نام سے مقدمہ دائر کیا جا سکتا ہے۔ </s>,urdu,344
"<s>[INST] Can provinces in Pakistan create laws that restrict the movement of goods between provinces? [/INST] No, a Provincial Assembly or a Provincial Government cannot make any law or take any executive action that prohibits or restricts the entry into, or the export from, the Province of goods of any class or description. </s>",eng,291
<s>[INST] کیا پاکستان میں صوبے ایسے قوانین بنا سکتے ہیں جو صوبوں کے درمیان اشیاء کی نقل و حرکت کو محدود کریں؟ [/INST] نہیں، کسی صوبائی اسمبلی یا صوبائی حکومت کو کوئی ایسا قانون بنانے یا کوئی ایسی انتظامی کارروائی کرنے کا اختیار نہیں ہے جو کسی نوع یا قسم کی اشیاء کے صوبے میں داخلے یا اس سے برآمدگی کی ممانعت یا تحدید کرے۔ </s>,urdu,291
<s>[INST] Who must recommend a demand for a grant before it can be made? [/INST] A demand for a grant shall be made only on the recommendation of the Provincial Government. </s>,eng,240
<s>[INST] مطالبہ زر پیش کرنے سے پہلے کس کی سفارش ضروری ہے؟ [/INST] مطالبہ زر صرف صوبائی حکومت کی سفارش پر پیش کیا جائے گا۔ </s>,urdu,240
<s>[INST] How long does a party have to appeal to the Supreme Court if they are unhappy with a decision made by the Court? [/INST] A party has sixty days to appeal to the Supreme Court if they are unhappy with a decision made by the Court. </s>,eng,422
<s>[INST] اگر کوئی فریق عدالت کے فیصلے سے ناخوش ہو تو اسے عدالت عظمیٰ میں اپیل کرنے کے لیے کتنا وقت ملتا ہے؟ [/INST] اگر کوئی فریق عدالت کے فیصلے سے ناخوش ہو تو اسے عدالت عظمیٰ میں اپیل کرنے کے لیے ساٹھ دن ملتے ہیں۔ </s>,urdu,422
<s>[INST] What articles of the constitution are referenced for the qualifications and disqualifications of Provincial Assembly members? [/INST] Articles 62 and 63 are referenced for the qualifications and disqualifications of Provincial Assembly members. </s>,eng,222
<s>[INST] صوبائی اسمبلی کے اراکین کی اہلیت اور نااہلیت کے لئے آئین کے کون سے آرٹیکلز کا حوالہ دیا گیا ہے؟ [/INST] صوبائی اسمبلی کے اراکین کی اہلیت اور نااہلیت کے لئے آرٹیکلز 62 اور 63 کا حوالہ دیا گیا ہے۔ </s>,urdu,222
"<s>[INST] How is the number of Judges in the Supreme Court determined? [/INST] The number of Judges in the Supreme Court is determined by an Act of Majlis-e-Shoora (Parliament) or, until so determined, as may be fixed by the President. </s>",eng,351
<s>[INST] سپریم کورٹ میں ججوں کی تعداد کیسے متعین کی جاتی ہے؟ [/INST] سپریم کورٹ میں ججوں کی تعداد مجلس شوریٰ (پارلیمنٹ) کے ایکٹ کے ذریعے متعین کی جاتی ہے یا، اس طرح متعین ہونے تک، جو صدر مقرر کرے۔ </s>,urdu,351
"<s>[INST] Do the rules for the National Assembly also apply to the Senate? [/INST] Yes, the rules for the National Assembly also apply to the Senate with certain modifications. </s>",eng,116
<s>[INST] کیا قومی اسمبلی کے قواعد سینیٹ پر بھی لاگو ہوتے ہیں؟ [/INST] جی ہاں، قومی اسمبلی کے قواعد سینیٹ پر بھی کچھ ترامیم کے ساتھ لاگو ہوتے ہیں۔ </s>,urdu,116
"<s>[INST] Are the courts and authorities that were functioning before the new constitution allowed to continue their work? [/INST] Yes, all civil, criminal, and revenue courts, as well as all authorities and offices throughout Pakistan, will continue to exercise their respective jurisdictions and functions as they were before the new constitution started. </s>",eng,610
<s>[INST] کیا نئی دستور کے نفاذ سے پہلے کام کرنے والی عدالتیں اور حکام اپنا کام جاری رکھ سکتے ہیں؟ [/INST] جی ہاں، تمام دیوانی، فوجداری اور مال کی عدالتیں، نیز پاکستان بھر میں تمام حکام اور دفاتر، نئی دستور کے نفاذ سے پہلے کی طرح اپنے اپنے اختیارات اور کارہائے منصبی انجام دیتے رہیں گے۔ </s>,urdu,610
<s>[INST] Who takes over the duties of the Commissioner if the position is empty or the Commissioner is unavailable? [/INST] The most senior member in age of the members of the Commission shall act as Commissioner. </s>,eng,468
<s>[INST] اگر کمشنر کا عہدہ خالی ہو یا کمشنر دستیاب نہ ہو تو کمشنر کے فرائض کون سنبھالتا ہے؟ [/INST] کمیشن کے اراکین میں سے عمر میں بزرگ ترین رکن کمشنر کی حیثیت سے کام کرے گا۔ </s>,urdu,468
"<s>[INST] How should references to the ""Prime Minister"" be interpreted when applied to a Provincial Assembly? [/INST] References to the ""Prime Minister"" should be interpreted as referring to the Chief Minister when applied to a Provincial Assembly. </s>",eng,249
<s>[INST] صوبائی اسمبلی پر اطلاق کرتے وقت 'وزیر اعظم' کے حوالہ جات کو کیسے سمجھا جانا چاہیے؟ [/INST] صوبائی اسمبلی پر اطلاق کرتے وقت 'وزیر اعظم' کے حوالہ جات کو 'وزیر اعلیٰ' کے حوالہ جات کے طور پر سمجھا جانا چاہیے۔ </s>,urdu,249
"<s>[INST] Can the Federation or a Province provide financial support for purposes outside their legislative authority? [/INST] Yes, the Federation or a Province may make grants for any purpose, even if it is not within their legislative authority. </s>",eng,319
<s>[INST] کیا وفاق یا کوئی صوبہ اپنی قانون سازی کی حدود سے باہر مقاصد کے لئے مالی امداد فراہم کر سکتا ہے؟ [/INST] جی ہاں، وفاق یا کوئی صوبہ کسی بھی مقصد کے لئے عطیات دے سکتا ہے، چاہے وہ ان کی قانون سازی کی حدود میں نہ ہو۔ </s>,urdu,319
<s>[INST] Does the Federal Government have any control over transmitters constructed by the Provincial Government? [/INST] The Federal Government does not have to entrust any control over the use of transmitters constructed or maintained by the Federal Government or by persons authorized by the Federal Government to any Provincial Government. </s>,eng,309
<s>[INST] کیا وفاقی حکومت کو صوبائی حکومت کے تعمیر کردہ ٹرانسمیٹروں پر کوئی اختیار حاصل ہے؟ [/INST] وفاقی حکومت کو ان ٹرانسمیٹروں کے استعمال پر کوئی اختیار کسی صوبائی حکومت کے سپرد کرنے کی ضرورت نہیں جو وفاقی حکومت یا وفاقی حکومت کے مجاز کردہ اشخاص کے تعمیر کردہ یا زیر تحویل ہوں۔ </s>,urdu,309
<s>[INST] What happens if the Commissioner cannot perform his duties for any reason? [/INST] The most senior member in age of the members of the Commission shall act as Commissioner. </s>,eng,469
<s>[INST] اگر کمشنر کسی بھی وجہ سے اپنے فرائض انجام نہیں دے سکتا تو کیا ہوتا ہے؟ [/INST] کمیشن کے اراکین میں سے عمر میں بزرگ ترین رکن کمشنر کی حیثیت سے کام کرے گا۔ </s>,urdu,469
<s>[INST] Who determines the appointments and conditions of service for federal posts in Pakistan? [/INST] The appointments and conditions of service for federal posts in Pakistan are determined by or under an Act of Majlis-e-Shoora (Parliament). </s>,eng,519
<s>[INST] پاکستان میں وفاقی آسامیوں کے تقرر اور شرائط ملازمت کا تعین کون کرتا ہے؟ [/INST] پاکستان میں وفاقی آسامیوں کے تقرر اور شرائط ملازمت کا تعین مجلس شوریٰ (پارلیمنٹ) کے ایکٹ کے تحت یا اس کے ذریعے ہوتا ہے۔ </s>,urdu,519
"<s>[INST] Does it matter if the federal law was passed before or after the provincial law in case of a conflict? [/INST] No, it does not matter if the federal law was passed before or after the provincial law; the federal law will still prevail in case of a conflict. </s>",eng,277
<s>[INST] کیا وفاقی قانون کے صوبائی قانون سے پہلے یا بعد میں منظور ہونے سے کوئی فرق پڑتا ہے؟ [/INST] نہیں، وفاقی قانون کے صوبائی قانون سے پہلے یا بعد میں منظور ہونے سے کوئی فرق نہیں پڑتا؛ تنازع کی صورت میں وفاقی قانون ہی غالب رہے گا۔ </s>,urdu,277
"<s>[INST] Who has the authority to reduce or change a sentence given by a court in Pakistan? [/INST] The President has the authority to grant pardon, reprieve and respite, and to remit, suspend or commute any sentence passed by any court, tribunal or other authority. </s>",eng,82
<s>[INST] پاکستان میں عدالت کی دی ہوئی سزا کو کم کرنے یا تبدیل کرنے کا اختیار کس کے پاس ہے؟ [/INST] صدر کو معافی دینے، ملتوی کرنے اور کچھ عرصے کے لیے روکنے، اور سزا میں تخفیف کرنے، اسے معطل یا تبدیل کرنے کا اختیار ہے۔ </s>,urdu,82
"<s>[INST] What happens to the laws made between October 12, 1999, and December 31, 2003? [/INST] All laws made between October 12, 1999, and December 31, 2003, will continue to be in force until they are altered, repealed, or amended by the competent authority. </s>",eng,589
<s>[INST] ۱۲ اکتوبر ۱۹۹۹ء سے ۳۱ دسمبر ۲۰۰۳ء کے درمیان بنائے گئے قوانین کا کیا ہوگا؟ [/INST] ۱۲ اکتوبر ۱۹۹۹ء سے ۳۱ دسمبر ۲۰۰۳ء کے درمیان بنائے گئے تمام قوانین نافذ العمل رہیں گے تاوقتیکہ انہیں ہیئت مجاز کی طرف سے تبدیل، منسوخ یا ترمیم نہ کر دیا جائے۔ </s>,urdu,589
"<s>[INST] Can citizens in Pakistan own and sell property anywhere in the country? [/INST] Yes, citizens have the right to acquire, hold, and dispose of property in any part of Pakistan, subject to the Constitution and any reasonable restrictions imposed by law in the public interest. </s>",eng,42
<s>[INST] کیا پاکستان میں شہری کسی بھی جگہ جائیداد خرید اور فروخت کر سکتے ہیں؟ [/INST] جی ہاں، شہریوں کو دستور اور مفاد عامہ کے پیش نظر قانون کے ذریعے عائد کردہ معقول پابندیوں کے تابع، پاکستان کے کسی بھی حصے میں جائیداد حاصل کرنے، قبضہ میں رکھنے اور فروخت کرنے کا حق حاصل ہے۔ </s>,urdu,42
"<s>[INST] What happens if the Parliamentary Committee does not confirm a nomination within fourteen days? [/INST] If the Parliamentary Committee does not confirm a nomination within fourteen days, the nomination shall be deemed to have been confirmed. </s>",eng,349
<s>[INST] اگر پارلیمانی کمیٹی چودہ دن کے اندر نامزدگی کی توثیق نہ کرے تو کیا ہوتا ہے؟ [/INST] اگر پارلیمانی کمیٹی چودہ دن کے اندر نامزدگی کی توثیق نہ کرے تو نامزدگی کو توثیق شدہ تصور کیا جائے گا۔ </s>,urdu,349
<s>[INST] Who leads the Cabinet of Ministers in Pakistan? [/INST] The Prime Minister leads the Cabinet of Ministers in Pakistan. </s>,eng,182
<s>[INST] پاکستان میں وزراء کی کابینہ کی قیادت کون کرتا ہے؟ [/INST] پاکستان میں وزراء کی کابینہ کی قیادت وزیراعظم کرتا ہے۔ </s>,urdu,182
<s>[INST] Who is responsible for handling accounts that were not audited before a certain day? [/INST] The Auditor-General is responsible for handling accounts that were not audited before the commencing day. </s>,eng,614
<s>[INST] یوم آغاز سے قبل جن حسابات کا محاسبہ نہ ہوا ہو، ان کا ذمہ دار کون ہے؟ [/INST] یوم آغاز سے قبل جن حسابات کا محاسبہ نہ ہوا ہو، ان کا ذمہ دار محاسب اعلیٰ ہے۔ </s>,urdu,614
<s>[INST] Who must approve the rules for appointing officers and servants of a High Court? [/INST] The Governor concerned must approve the rules for appointing officers and servants of a High Court. </s>,eng,445
<s>[INST] عدالت عالیہ کے افسران اور ملازمین کے تقرر کے قواعد کی منظوری کون دیتا ہے؟ [/INST] متعلقہ گورنر عدالت عالیہ کے افسران اور ملازمین کے تقرر کے قواعد کی منظوری دیتا ہے۔ </s>,urdu,445
"<s>[INST] What role do the Armed Forces have in defending Pakistan? [/INST] The Armed Forces, under the directions of the Federal Government, are responsible for defending Pakistan against external aggression or threat of war. </s>",eng,528
<s>[INST] پاکستان کے دفاع میں مسلح افواج کا کیا کردار ہے؟ [/INST] مسلح افواج، وفاقی حکومت کی ہدایات کے تحت، بیرونی جارحیت یا جنگ کے خطرے کے خلاف پاکستان کا دفاع کرنے کی ذمہ دار ہیں۔ </s>,urdu,528
<s>[INST] Who appoints the Federal Ministers and Ministers of State in Pakistan? [/INST] The President appoints the Federal Ministers and Ministers of State on the advice of the Prime Minister. </s>,eng,185
<s>[INST] پاکستان میں وفاقی وزراء اور وزرائے مملکت کا تقرر کون کرتا ہے؟ [/INST] صدر وزیر اعظم کے مشورے پر وفاقی وزراء اور وزرائے مملکت کا تقرر کرتا ہے۔ </s>,urdu,185
"<s>[INST] What happens if it is not possible for a person to take an oath before the specified person? [/INST] If it is impracticable for the oath to be made before the specified person, it may be made before another person nominated by the specified person. </s>",eng,550
<s>[INST] اگر کسی شخص کے لیے مخصوص شخص کے سامنے حلف اٹھانا ممکن نہ ہو تو کیا ہوتا ہے؟ [/INST] اگر مخصوص شخص کے سامنے حلف اٹھانا نا قابل عمل ہو تو وہ کسی دوسرے شخص کے سامنے حلف اٹھا سکتا ہے جسے مخصوص شخص نے نامزد کیا ہو۔ </s>,urdu,550
"<s>[INST] What measures will the State take to help Muslims in Pakistan live according to Islamic principles? [/INST] The State will make the teaching of the Holy Quran and Islamiat compulsory, encourage and facilitate the learning of Arabic, ensure the correct printing and publishing of the Holy Quran, promote unity and Islamic moral standards, and organize zakat, ushr, auqaf, and mosques properly. </s>",eng,59
<s>[INST] ریاست پاکستان کے مسلمانوں کو اسلامی اصولوں کے مطابق زندگی گزارنے میں مدد کے لیے کیا اقدامات کرے گی؟ [/INST] ریاست قرآن پاک اور اسلامیات کی تعلیم کو لازمی قرار دے گی، عربی زبان سیکھنے کی حوصلہ افزائی اور سہولت فراہم کرے گی، قرآن پاک کی صحیح طباعت اور اشاعت کو یقینی بنائے گی، اتحاد اور اسلامی اخلاقی معیاروں کو فروغ دے گی، اور زکوٰۃ، عشر، اوقاف اور مساجد کی باقاعدہ تنظیم کا اہتمام کرے گی۔ </s>,urdu,59
"<s>[INST] What happens if the Federation and the Province cannot agree on the terms for transferring land? [/INST] If the Federation and the Province cannot agree on the terms for transferring land, the terms will be determined by an arbitrator appointed by the Chief Justice of Pakistan. </s>",eng,294
<s>[INST] اگر وفاق اور صوبہ اراضی کی منتقلی کی شرائط پر متفق نہ ہوں تو کیا ہوتا ہے؟ [/INST] اگر وفاق اور صوبہ اراضی کی منتقلی کی شرائط پر متفق نہ ہوں تو شرائط چیف جسٹس پاکستان کے مقرر کردہ کسی ثالث کی طرف سے طے کی جائیں گی۔ </s>,urdu,294
<s>[INST] What occurs to the property and assets of the Federal Government that were used for purposes that became provincial responsibilities on the commencing day? [/INST] The property and assets of the Federal Government that were used for purposes that became provincial responsibilities on the commencing day will vest in the Government of the Province from that day. </s>,eng,607
<s>[INST] یوم آغاز پر صوبائی ذمہ داریاں بننے والے مقاصد کے لیے استعمال ہونے والی وفاقی حکومت کی جائیداد اور اثاثوں کا کیا ہوتا ہے؟ [/INST] یوم آغاز پر صوبائی ذمہ داریاں بننے والے مقاصد کے لیے استعمال ہونے والی وفاقی حکومت کی جائیداد اور اثاثے اس دن سے صوبے کی حکومت کے تصرف میں آ جائیں گے۔ </s>,urdu,607
"<s>[INST] Can any law take away the powers of the Election Commission? [/INST] No, no law shall have the effect of taking away or abridging any of the powers of the Election Commission. </s>",eng,478
<s>[INST] کیا کوئی قانون الیکشن کمیشن کے اختیارات کو سلب کر سکتا ہے؟ [/INST] نہیں، کوئی قانون الیکشن کمیشن کے اختیارات کو سلب کرنے یا کم کرنے کے اثر کا حامل نہ ہوگا۔ </s>,urdu,478
<s>[INST] Who is the head of the Supreme Court in Pakistan? [/INST] The head of the Supreme Court in Pakistan is the Chief Justice of Pakistan. </s>,eng,350
<s>[INST] پاکستان میں سپریم کورٹ کا سربراہ کون ہے؟ [/INST] پاکستان میں سپریم کورٹ کا سربراہ چیف جسٹس پاکستان ہے۔ </s>,urdu,350
<s>[INST] Where is the main location of the Supreme Court in Pakistan? [/INST] The permanent seat of the Supreme Court is at Islamabad. </s>,eng,364
<s>[INST] پاکستان میں عدالت عظمیٰ کا مرکزی مقام کہاں ہے؟ [/INST] عدالت عظمیٰ کا مستقل صدر مقام اسلام آباد میں ہے۔ </s>,urdu,364
<s>[INST] Who appoints the Chief Justice and other Judges of the Supreme Court in Pakistan? [/INST] The Chief Justice of Pakistan and each of the other Judges of the Supreme Court are appointed by the President in accordance with Article 175A. </s>,eng,352
<s>[INST] پاکستان میں چیف جسٹس اور عدالت عظمیٰ کے دوسرے ججوں کا تقرر کون کرتا ہے؟ [/INST] پاکستان کے چیف جسٹس اور عدالت عظمیٰ کے دوسرے ججوں میں سے ہر ایک کا تقرر صدر آرٹیکل 175اے کی مطابقت میں کرتا ہے۔ </s>,urdu,352
"<s>[INST] What happened to the Mediation Committee in 2010? [/INST] The Mediation Committee was omitted by the Constitution (Eighteenth Amendment) Act, 2010. </s>",eng,141
<s>[INST] 2010 میں مصالحتی کمیٹی کے ساتھ کیا ہوا؟ [/INST] مصالحتی کمیٹی کو آئین (اٹھارویں ترمیم) ایکٹ، 2010 کے تحت حذف کر دیا گیا۔ </s>,urdu,141
"<s>[INST] Are there any exceptions to the rule of non-discrimination in public places? [/INST] Yes, the State can make special provisions for women and children. </s>",eng,50
<s>[INST] کیا عوامی مقامات پر عدم امتیاز کے اصول میں کوئی استثنیٰ ہے؟ [/INST] جی ہاں، ریاست عورتوں اور بچوں کے لئے خصوصی انتظامات کر سکتی ہے۔ </s>,urdu,50
"<s>[INST] When was Clause (3) added to this Chapter? [/INST] Clause (3) was added on the 4th of May, 1974, by the Constitution (First Amendment) Act, 1974. </s>",eng,407
<s>[INST] اس باب میں شق (۳) کب شامل کی گئی؟ [/INST] شق (۳) ۴ مئی ۱۹۷۴ کو دستور (پہلی ترمیم) ایکٹ، ۱۹۷۴ کے ذریعے شامل کی گئی۔ </s>,urdu,407
"<s>[INST] Under what circumstances can the President appoint an Additional Judge to a High Court? [/INST] The President can appoint an Additional Judge to a High Court if the office of a Judge is vacant, a Judge is absent or unable to perform their duties, or if it is necessary to increase the number of Judges for any reason. </s>",eng,391
<s>[INST] کن حالات میں صدر کسی عدالت عالیہ کے اضافی جج کو مقرر کر سکتا ہے؟ [/INST] صدر کسی عدالت عالیہ کے اضافی جج کو مقرر کر سکتا ہے اگر کسی جج کا عہدہ خالی ہو، کوئی جج موجود نہ ہو یا اپنے فرائض انجام دینے سے قاصر ہو، یا کسی وجہ سے ججوں کی تعداد بڑھانا ضروری ہو۔ </s>,urdu,391
"<s>[INST] Who has the authority to declare orders, proceedings, or acts invalid within two years from the commencing day? [/INST] The Parliament (Majlis-e-Shoora) has the authority to declare orders, proceedings, or acts invalid within two years from the commencing day by resolution of both Houses or by a resolution passed at a joint sitting in case of disagreement between the two Houses. </s>",eng,585
<s>[INST] یوم آغاز سے دو سال کے اندر احکام، کارروائیوں یا افعال کو ناجائز قرار دینے کا اختیار کس کے پاس ہے؟ [/INST] مجلس شوریٰ (پارلیمنٹ) کے پاس یہ اختیار ہے کہ وہ یوم آغاز سے دو سال کے اندر ہر دو ایوانوں کی قرارداد کے ذریعے یا دونوں ایوانوں کے درمیان عدم اتفاق کی صورت میں مشترکہ اجلاس میں منظور شدہ قرارداد کے ذریعے احکام، کارروائیوں یا افعال کو ناجائز قرار دے سکتی ہے۔ </s>,urdu,585
"<s>[INST] Can someone be tried or punished more than once for the same crime? [/INST] No, a person cannot be prosecuted or punished for the same offence more than once. </s>",eng,25
<s>[INST] کیا کسی شخص پر ایک ہی جرم کے لئے ایک سے زیادہ بار مقدمہ چلایا جا سکتا ہے یا سزا دی جا سکتی ہے؟ [/INST] نہیں، کسی شخص پر ایک ہی جرم کے لئے ایک سے زیادہ بار مقدمہ نہیں چلایا جا سکتا اور نہ ہی سزا دی جا سکتی ہے۔ </s>,urdu,25
"<s>[INST] How are the Supreme Court's orders enforced across different regions of Pakistan? [/INST] The Supreme Court's orders are enforceable throughout Pakistan and, if executed in a Province or a territory within the jurisdiction of the High Court of that Province, they are executed as if issued by the High Court of that Province. </s>",eng,375
<s>[INST] پاکستان کے مختلف علاقوں میں عدالت عظمیٰ کے احکامات کو کیسے نافذ کیا جاتا ہے؟ [/INST] عدالت عظمیٰ کے احکامات پاکستان بھر میں قابل نفاذ ہوتے ہیں اور اگر کسی صوبہ یا اس صوبہ کی عدالت عالیہ کے دائرہ اختیار میں آنے والے علاقے میں نافذ کیے جائیں تو ان کی تعمیل ایسے کی جاتی ہے جیسے وہ اس صوبہ کی عدالت عالیہ نے جاری کیے ہوں۔ </s>,urdu,375
"<s>[INST] What happens if the President dissolves the National Assembly? [/INST] If the President dissolves the National Assembly, he must appoint a date for a general election within ninety days and appoint a care-taker Cabinet in accordance with the provisions of Article 224 or Article 224A. </s>",eng,89
<s>[INST] اگر صدر قومی اسمبلی تحلیل کر دے تو کیا ہوتا ہے؟ [/INST] اگر صدر قومی اسمبلی تحلیل کر دے تو وہ نوے دن کے اندر عام انتخابات کے لئے تاریخ مقرر کرے گا اور آرٹیکل 224 یا آرٹیکل 224 الف کی تصریحات کے مطابق نگران کابینہ کا تقرر کرے گا۔ </s>,urdu,89
<s>[INST] Who has the final decision on whether a Bill is a Money Bill or not? [/INST] The Speaker of the Provincial Assembly has the final decision on whether a Bill is a Money Bill or not. </s>,eng,226
<s>[INST] کیا کسی بل کے مالی بل ہونے یا نہ ہونے کا حتمی فیصلہ کون کرتا ہے؟ [/INST] کسی بل کے مالی بل ہونے یا نہ ہونے کا حتمی فیصلہ صوبائی اسمبلی کے اسپیکر کا ہوتا ہے۔ </s>,urdu,226
"<s>[INST] Can the Supreme Court hold sessions in places other than its main location? [/INST] Yes, the Supreme Court may sit in other places as appointed by the Chief Justice of Pakistan with the approval of the President. </s>",eng,365
<s>[INST] کیا عدالت عظمیٰ اپنے مرکزی مقام کے علاوہ دیگر مقامات پر اجلاس کر سکتی ہے؟ [/INST] جی ہاں، عدالت عظمیٰ چیف جسٹس پاکستان کی منظوری اور صدر کی اجازت سے دیگر مقامات پر اجلاس کر سکتی ہے۔ </s>,urdu,365
<s>[INST] Who has the ultimate control and command of the Armed Forces in Pakistan? [/INST] The Federal Government has control and command of the Armed Forces in Pakistan. </s>,eng,525
<s>[INST] پاکستان میں مسلح افواج کی حتمی کمان اور کنٹرول کس کے پاس ہے؟ [/INST] پاکستان میں مسلح افواج کی کمان اور کنٹرول وفاقی حکومت کے پاس ہے۔ </s>,urdu,525
"<s>[INST] Can the Governor speak to the Provincial Assembly? [/INST] Yes, the Governor may address the Provincial Assembly. </s>",eng,215
<s>[INST] کیا گورنر صوبائی اسمبلی سے خطاب کر سکتا ہے؟ [/INST] جی ہاں، گورنر صوبائی اسمبلی سے خطاب کر سکتا ہے۔ </s>,urdu,215
<s>[INST] Who appoints the Auditor-General of Pakistan? [/INST] The Auditor-General of Pakistan is appointed by the President. </s>,eng,330
<s>[INST] پاکستان کے محاسب اعلیٰ کا تقرر کون کرتا ہے؟ [/INST] پاکستان کے محاسب اعلیٰ کا تقرر صدر کرتا ہے۔ </s>,urdu,330
"<s>[INST] Can the Governor return a Money Bill to the Provincial Assembly for reconsideration? [/INST] No, the Governor cannot return a Money Bill to the Provincial Assembly for reconsideration. </s>",eng,228
<s>[INST] کیا گورنر مالی بل کو دوبارہ غور کے لیے صوبائی اسمبلی کو واپس بھیج سکتا ہے؟ [/INST] نہیں، گورنر مالی بل کو دوبارہ غور کے لیے صوبائی اسمبلی کو واپس نہیں بھیج سکتا۔ </s>,urdu,228
"<s>[INST] What happens if a member of the Supreme Judicial Council is unable to act due to illness? [/INST] If a member of the Supreme Judicial Council is unable to act due to illness, the next most senior Judge of the Supreme Court or the next most senior Chief Justice of another High Court will act as a member of the Council in their place. </s>",eng,447
<s>[INST] اگر اعلیٰ عدالتی کونسل کا کوئی رکن بوجہ علالت کام کرنے کے قابل نہ ہو تو کیا ہوتا ہے؟ [/INST] اگر اعلیٰ عدالتی کونسل کا کوئی رکن بوجہ علالت کام کرنے کے قابل نہ ہو، تو عدالت عظمیٰ کا مقدم ترین جج یا کسی دوسری عدالت عالیہ کا مقدم ترین چیف جسٹس اس کی جگہ کونسل کے رکن کی حیثیت سے کام کرے گا۔ </s>,urdu,447
"<s>[INST] What happens to the salary and privileges of the Speaker when he is acting as President? [/INST] When the Speaker is acting as President, he is entitled to the same salary, allowances, and privileges as the President but does not exercise any functions of the office of Speaker or a member of Parliament, nor is he entitled to salary, allowances, or privileges as Speaker or such a member. </s>",eng,540
<s>[INST] جب اسپیکر صدر کے طور پر فرائض انجام دے رہا ہو تو اس کی تنخواہ اور مراعات کا کیا ہوتا ہے؟ [/INST] جب اسپیکر صدر کے طور پر فرائض انجام دے رہا ہو، تو وہ صدر کی طرح تنخواہ، بھتے اور مراعات کا مستحق ہوگا لیکن وہ اسپیکر یا مجلس شوریٰ (پارلیمنٹ) کے رکن کے فرائض انجام نہیں دے گا اور نہ ہی وہ اسپیکر یا کسی مذکورہ رکن کی تنخواہ، بھتے یا مراعات کا مستحق ہوگا۔ </s>,urdu,540
"<s>[INST] Can the Parliament create laws to protect government officials for actions taken to maintain order? [/INST] Yes, the Parliament can create laws to indemnify government officials for actions taken to maintain or restore order in any area in Pakistan. </s>",eng,513
<s>[INST] کیا پارلیمنٹ حکومتی اہلکاروں کو امن و امان برقرار رکھنے کے اقدامات کے لئے تحفظ فراہم کرنے کے قوانین بنا سکتی ہے؟ [/INST] جی ہاں، پارلیمنٹ پاکستان کے کسی بھی علاقے میں امن و امان برقرار رکھنے یا بحال کرنے کے اقدامات کے لئے حکومتی اہلکاروں کو تحفظ فراہم کرنے کے قوانین بنا سکتی ہے۔ </s>,urdu,513
<s>[INST] What is required of every person within Pakistan in terms of the Constitution and law? [/INST] Every person within Pakistan is required to obey the Constitution and law. </s>,eng,8
<s>[INST] آئین اور قانون کے حوالے سے پاکستان میں ہر شخص سے کیا تقاضا کیا جاتا ہے؟ [/INST] پاکستان میں ہر شخص سے آئین اور قانون کی اطاعت کا تقاضا کیا جاتا ہے۔ </s>,urdu,8
"<s>[INST] What happens to the existing laws after the Constitution comes into effect? [/INST] All existing laws will continue in force, subject to the Constitution, until they are altered, repealed, or amended by the appropriate Legislature. </s>",eng,577
<s>[INST] دستور کے نافذ ہونے کے بعد موجودہ قوانین کا کیا ہوگا؟ [/INST] تمام موجودہ قوانین، اس دستور کے تابع، اس وقت تک بدستور نافذ رہیں گے جب تک کہ متعلقہ مقننہ انہیں تبدیل یا منسوخ نہ کردے یا ان میں ترمیم نہ کرے۔ </s>,urdu,577
"<s>[INST] Are judges who took the oath under the Oath of Office (Judges) Order, 2000, considered to have held their positions legally? [/INST] Yes, judges who took the oath under the Oath of Office (Judges) Order, 2000, are deemed to have continued to hold their positions or to have been appointed under the Constitution. </s>",eng,590
<s>[INST] کیا جج صاحبان جنہوں نے فرمان جج صاحبان عہدہ کا حلف ۲۰۰۰ء کے تحت حلف اٹھایا تھا، قانونی طور پر اپنے عہدوں پر فائز تصور کیے جاتے ہیں؟ [/INST] جی ہاں، جج صاحبان جنہوں نے فرمان جج صاحبان عہدہ کا حلف ۲۰۰۰ء کے تحت حلف اٹھایا تھا، آئین کے تحت اپنے عہدوں پر فائز رہنے یا تقرر کیے جانے کے مستحق تصور کیے جاتے ہیں۔ </s>,urdu,590
"<s>[INST] Are the Prime Minister and other officials mentioned entitled to vote in the proceedings of the Parliament by virtue of this Article? [/INST] No, they are not entitled to vote by virtue of this Article. </s>",eng,108
<s>[INST] کیا وزیراعظم اور دیگر مذکورہ عہدیدار اس آرٹیکل کی بناء پر پارلیمنٹ کی کارروائی میں ووٹ دینے کے حقدار ہیں؟ [/INST] نہیں، وہ اس آرٹیکل کی بناء پر ووٹ دینے کے حقدار نہیں ہیں۔ </s>,urdu,108
<s>[INST] What happens to a Bill in a Provincial Assembly if the Assembly is prorogued? [/INST] A Bill pending in a Provincial Assembly shall not lapse by reason of the prorogation of the Assembly. </s>,eng,230
<s>[INST] اگر صوبائی اسمبلی برخاست ہو جائے تو صوبائی اسمبلی میں زیر غور بل کا کیا ہوتا ہے؟ [/INST] کسی صوبائی اسمبلی میں زیر غور کوئی بل، اسمبلی کی برخاستگی کی بنا پر ساقط نہیں ہوگا۔ </s>,urdu,230
<s>[INST] Who can recommend conferring functions upon officers or authorities subordinate to the Federal Government? [/INST] The Federal Government can recommend conferring functions upon officers or authorities subordinate to the Federal Government. </s>,eng,193
<s>[INST] وفاقی حکومت کے ماتحت عہدیداروں یا ہیئت مجاز کو کارہائے منصبی تفویض کرنے کی سفارش کون کر سکتا ہے؟ [/INST] وفاقی حکومت وفاقی حکومت کے ماتحت عہدیداروں یا ہیئت مجاز کو کارہائے منصبی تفویض کرنے کی سفارش کر سکتی ہے۔ </s>,urdu,193
<s>[INST] What happens to the terms and conditions of people who were in service of Pakistan before the new constitution started? [/INST] They will continue in the service of Pakistan on the same terms and conditions as were applicable to them under the Interim Constitution of the Islamic Republic of Pakistan immediately before the new constitution started. </s>,eng,608
<s>[INST] نئے دستور کے شروع ہونے سے پہلے پاکستان کی خدمت میں موجود لوگوں کی شرائط و ضوابط کا کیا ہوگا؟ [/INST] وہ پاکستان کی خدمت میں انہی شرائط و ضوابط پر برقرار رہیں گے جو نئے دستور کے شروع ہونے سے عین قبل اسلامی جمہوریہ پاکستان کے عبوری دستور کے تحت ان پر لاگو ہوتی تھیں۔ </s>,urdu,608
<s>[INST] Can the rights conferred by this Chapter be suspended? [/INST] The rights conferred by this Chapter shall not be suspended except as expressly provided by the Constitution. </s>,eng,15
<s>[INST] کیا اس باب کی رو سے عطا کردہ حقوق معطل کیے جا سکتے ہیں؟ [/INST] اس باب کی رو سے عطا کردہ حقوق معطل نہیں کیے جائیں گے بجز جس طرح کہ دستور میں بالصراتح قرار دیا گیا ہے۔ </s>,urdu,15
"<s>[INST] Can the Supreme Court hear appeals from decisions made by a High Court? [/INST] Yes, the Supreme Court has jurisdiction to hear and determine appeals from judgments, decrees, final orders, or sentences of a High Court. </s>",eng,368
<s>[INST] کیا سپریم کورٹ ہائی کورٹ کے فیصلوں کے خلاف اپیلوں کی سماعت کر سکتی ہے؟ [/INST] جی ہاں، سپریم کورٹ کو کسی ہائی کورٹ کے فیصلوں، ڈگریوں، حتمی احکام یا سزاؤں کے خلاف اپیلوں کی سماعت اور ان پر فیصلہ صادر کرنے کا اختیار ہے۔ </s>,urdu,368
<s>[INST] What is the national language of Pakistan? [/INST] The national language of Pakistan is Urdu. </s>,eng,541
<s>[INST] پاکستان کی قومی زبان کیا ہے؟ [/INST] پاکستان کی قومی زبان اردو ہے۔ </s>,urdu,541
"<s>[INST] Is it possible for the government to take over certain businesses or industries? [/INST] Yes, the government can declare that any trade, business, industry, or service specified in such law shall be carried on or owned, to the exclusion, complete or partial, of other persons, by the Federal Government or a Provincial Government, or by a corporation controlled by any such Government. </s>",eng,546
<s>[INST] کیا حکومت کچھ کاروبار یا صنعتوں کو اپنے قبضے میں لے سکتی ہے؟ [/INST] جی ہاں، حکومت اعلان کر سکتی ہے کہ ایسے قانون میں مصرحہ کوئی کاروبار، تجارت، صنعت یا خدمت، وفاقی حکومت یا کوئی صوبائی حکومت یا ایسی کسی حکومت کے زیر نگرانی کوئی کارپوریشن دیگر اشخاص کو، مکمل یا جزوی طور پر خارج کرکے، چلائے گی یا زیر ملکیت رکھے گی۔ </s>,urdu,546
<s>[INST] How many sessions of the National Assembly are required each year? [/INST] There must be at least three sessions of the National Assembly every year. </s>,eng,101
<s>[INST] ہر سال قومی اسمبلی کے کتنے اجلاس ہونے ضروری ہیں؟ [/INST] ہر سال قومی اسمبلی کے کم از کم تین اجلاس ہونے ضروری ہیں۔ </s>,urdu,101
<s>[INST] What is guaranteed to a person facing a criminal charge? [/INST] A person facing a criminal charge is entitled to a fair trial and due process. </s>,eng,20
<s>[INST] کسی شخص کو جرم کے الزام کا سامنا کرنے پر کیا ضمانت دی جاتی ہے؟ [/INST] جرم کے الزام کا سامنا کرنے والے شخص کو منصفانہ سماعت اور جائز عمل کا حق حاصل ہے۔ </s>,urdu,20
"<s>[INST] Who does the State have a duty to protect according to this article? [/INST] The State has a duty to protect the marriage, the family, the mother, and the child. </s>",eng,64
<s>[INST] اس آرٹیکل کے مطابق مملکت کس کی حفاظت کی ذمہ دار ہے؟ [/INST] مملکت شادی، خاندان، ماں اور بچے کی حفاظت کی ذمہ دار ہے۔ </s>,urdu,64
<s>[INST] What happens if the members of a Bench are equally divided in their opinion on a case? [/INST] The rules may provide for the decision of cases in which the members constituting a Bench are equally divided in their opinion. </s>,eng,434
<s>[INST] اگر کسی مقدمے میں بینچ کے ارکان کی آراء مساوی ہوں تو کیا ہوتا ہے؟ [/INST] قواعد ان مقدمات کے فیصلے کے لیے حکم وضع کر سکتے ہیں جن میں بینچ کے ارکان کی آراء مساوی ہوں۔ </s>,urdu,434
<s>[INST] Who can the President appoint to temporarily act as a Judge of the Supreme Court if a current Judge is unable to perform their duties? [/INST] The President may appoint a Judge of a High Court who is qualified for appointment as a Judge of the Supreme Court to act temporarily as a Judge of the Supreme Court. </s>,eng,359
<s>[INST] اگر موجودہ جج اپنے فرائض انجام دینے سے قاصر ہو تو صدر کس کو عارضی طور پر عدالت عظمیٰ کے جج کی حیثیت سے کام کرنے کے لیے مقرر کر سکتا ہے؟ [/INST] صدر کسی عدالت عالیہ کے کسی جج کو جو عدالت عظمیٰ کا جج مقرر کیے جانے کا اہل ہو، عارضی طور پر عدالت عظمیٰ کے جج کی حیثیت سے کام کرنے پر مامور کر سکتا ہے۔ </s>,urdu,359
"<s>[INST] Are federal government properties subject to provincial taxes? [/INST] No, the Federal Government's property or income is not liable to taxation under any Act of Provincial Assembly. </s>",eng,320
<s>[INST] کیا وفاقی حکومت کی املاک پر صوبائی ٹیکس عائد ہوتا ہے؟ [/INST] نہیں، وفاقی حکومت کی املاک یا آمدنی پر کسی صوبائی اسمبلی کے ایکٹ کے تحت کوئی محصول عائد نہیں کیا جائے گا۔ </s>,urdu,320
<s>[INST] What is the maximum age limit for a member of the Election Commission? [/INST] The maximum age limit for a member of the Election Commission is sixty-five years. </s>,eng,471
<s>[INST] الیکشن کمیشن کے رکن کی زیادہ سے زیادہ عمر کی حد کیا ہے؟ [/INST] الیکشن کمیشن کے رکن کی زیادہ سے زیادہ عمر کی حد پینسٹھ سال ہے۔ </s>,urdu,471
<s>[INST] Are the President or the Governor personally liable for contracts made in the exercise of their executive authority? [/INST] Neither the President nor the Governor of a Province shall be personally liable in respect of any contract or assurance made or executed in the exercise of the executive authority of the Federation or the Province. </s>,eng,342
<s>[INST] کیا صدر یا گورنر عاملانہ اختیار کے استعمال میں کئے گئے معاہدات کے لئے ذاتی طور پر ذمہ دار ہیں؟ [/INST] نہ صدر اور نہ کسی صوبے کا گورنر وفاق یا صوبے کے عاملانہ اختیار کے استعمال میں کئے گئے کسی معاہدے یا تکمیل کردہ کسی دستاویز جائیداد کے بارے میں ذاتی طور پر ذمہ دار ہوگا۔ </s>,urdu,342
"<s>[INST] Who does the term ""President"" refer to in the context of a Provincial Assembly? [/INST] In the context of a Provincial Assembly, the term ""President"" refers to the Governor of the Province. </s>",eng,248
<s>[INST] صوبائی اسمبلی کے سیاق و سباق میں 'صدر' سے کیا مراد ہے؟ [/INST] صوبائی اسمبلی کے سیاق و سباق میں 'صدر' سے مراد صوبے کا گورنر ہے۔ </s>,urdu,248
<s>[INST] Until what age can a High Court Judge serve? [/INST] A High Court Judge can serve until the age of sixty-two years. </s>,eng,388
<s>[INST] عدالت عالیہ کا جج کتنی عمر تک خدمات انجام دے سکتا ہے؟ [/INST] عدالت عالیہ کا جج 62 سال کی عمر تک خدمات انجام دے سکتا ہے۔ </s>,urdu,388
"<s>[INST] Are there any circumstances under which certain posts in Pakistan's public service can be reserved for specific groups? [/INST] Yes, for up to forty years from the commencing day, posts may be reserved for persons from any class or area to ensure their adequate representation. Additionally, specific posts may be reserved for either sex if the duties cannot be adequately performed by the other sex. </s>",eng,52
<s>[INST] کیا پاکستان کی عوامی خدمت میں کچھ مخصوص گروہوں کے لیے مخصوص آسامیاں محفوظ کی جا سکتی ہیں؟ [/INST] جی ہاں، یوم آغاز سے زیادہ سے زیادہ چالیس سال کی مدت تک کسی طبقے یا علاقے کے لوگوں کے لیے آسامیاں محفوظ کی جا سکتی ہیں تاکہ ان کو مناسب نمائندگی حاصل ہو سکے۔ مزید برآں، مخصوص آسامیاں کسی ایک جنس کے افراد کے لیے محفوظ کی جا سکتی ہیں اگر مذکورہ آسامیاں یا ملازمتیں میں ایسے فرائض اور کارہائے منصبی کی انجام دہی ضروری ہو جو دوسری جنس کے افراد کی جانب سے مناسب طور پر انجام نہ دیئے جا سکتے ہوں۔ </s>,urdu,52
"<s>[INST] Are the usual rules for the Governor's duties applicable when acting on the President's direction? [/INST] No, the provisions of Article 105 do not apply when the Governor is discharging functions under the President's direction. </s>",eng,281
<s>[INST] کیا گورنر کے فرائض کے معمول کے قواعد صدر کے حکم پر عمل کرتے وقت لاگو ہوتے ہیں؟ [/INST] نہیں، جب گورنر صدر کے حکم کے تحت کارہائے منصبی انجام دے رہا ہو تو آرٹیکل 105 کے احکام لاگو نہیں ہوتے۔ </s>,urdu,281
"<s>[INST] How long is the term for the Auditor-General of Pakistan? [/INST] The term for the Auditor-General of Pakistan is four years or until they reach the age of sixty-five, whichever comes first. </s>",eng,332
<s>[INST] پاکستان کے محاسب اعلیٰ کی مدت کتنی ہوتی ہے؟ [/INST] پاکستان کے محاسب اعلیٰ کی مدت چار سال یا 65 سال کی عمر تک ہوتی ہے، جو بھی پہلے ہو۔ </s>,urdu,332
"<s>[INST] Who has the authority to authenticate the schedule of authorized expenditure for the financial year ending on June 30, 1974? [/INST] The President has the authority to authenticate the schedule of authorized expenditure for the financial year ending on June 30, 1974. </s>",eng,612
<s>[INST] تیس جون 1974 کو ختم ہونے والے مالی سال کے لئے منظور شدہ اخراجات کے شیڈول کی تصدیق کرنے کا اختیار کس کے پاس ہے؟ [/INST] تیس جون 1974 کو ختم ہونے والے مالی سال کے لئے منظور شدہ اخراجات کے شیڈول کی تصدیق کرنے کا اختیار صدر کے پاس ہے۔ </s>,urdu,612
"<s>[INST] What happens if the Governor does not give assent to a Bill within ten days? [/INST] If the Governor does not give assent to a Bill within ten days, the assent shall be deemed to have been given. </s>",eng,227
<s>[INST] اگر گورنر دس دن کے اندر کسی بل کی منظوری نہ دے تو کیا ہوتا ہے؟ [/INST] اگر گورنر دس دن کے اندر کسی بل کی منظوری نہ دے تو یہ سمجھا جائے گا کہ منظوری ہو چکی ہے۔ </s>,urdu,227
<s>[INST] Who has the authority to make laws for the entire country of Pakistan? [/INST] The Majlis-e-Shoora (Parliament) has the authority to make laws for the whole or any part of Pakistan. </s>,eng,272
<s>[INST] پورے پاکستان کے لیے قوانین بنانے کا اختیار کس کے پاس ہے؟ [/INST] مجلس شوریٰ (پارلیمنٹ) کے پاس پورے پاکستان یا اس کے کسی حصے کے لیے قوانین بنانے کا اختیار ہے۔ </s>,urdu,272
<s>[INST] Who appoints the Chief Justice and other Judges of a High Court in Pakistan? [/INST] The Chief Justice and other Judges of a High Court are appointed by the President in accordance with Article 175A. </s>,eng,384
<s>[INST] پاکستان میں عدالت عالیہ کے چیف جسٹس اور دوسرے ججوں کا تقرر کون کرتا ہے؟ [/INST] عدالت عالیہ کے چیف جسٹس اور دوسرے ججوں کا تقرر صدر آرٹیکل 175A کی مطابقت میں کرتا ہے۔ </s>,urdu,384
"<s>[INST] Is it possible for a sitting member of Parliament or a Provincial Assembly to become a Governor without losing their seat? [/INST] No, if a member of Parliament or a Provincial Assembly is appointed as Governor, their seat in Parliament or the Provincial Assembly shall become vacant on the day they enter upon their office. </s>",eng,202
<s>[INST] کیا پارلیمنٹ یا صوبائی اسمبلی کا موجودہ رکن اپنی نشست کھوئے بغیر گورنر بن سکتا ہے؟ [/INST] نہیں، اگر پارلیمنٹ یا صوبائی اسمبلی کے کسی رکن کو گورنر مقرر کیا جائے تو پارلیمنٹ یا صوبائی اسمبلی میں اس کی نشست اس دن خالی ہو جائے گی جس دن وہ اپنے عہدے پر فائز ہوگا۔ </s>,urdu,202
"<s>[INST] Who is responsible for ensuring that the Principles of Policy are followed? [/INST] It is the responsibility of each organ and authority of the State, and of each person performing functions on behalf of an organ or authority of the State, to act in accordance with the Principles of Policy. </s>",eng,55
<s>[INST] حکمت عملی کے اصولوں پر عمل درآمد کو یقینی بنانے کی ذمہ داری کس کی ہے؟ [/INST] مملکت کے ہر شعبے اور ہیئت مجاز کی اور مملکت کے کسی شعبے یا ہیئت مجاز کی طرف سے کار ہائے منصبی انجام دینے والے ہر شخص کی یہ ذمہ داری ہے کہ وہ حکمت عملی کے اصولوں کے مطابق عمل کرے۔ </s>,urdu,55
"<s>[INST] What can the federal government do if there is a threat to peace or economic stability in Pakistan? [/INST] The federal government can give directions to a province on how to exercise its executive authority to prevent any grave menace to the peace, tranquillity, or economic life of Pakistan or any part thereof. </s>",eng,289
<s>[INST] اگر پاکستان میں امن یا اقتصادی استحکام کو خطرہ ہو تو وفاقی حکومت کیا کر سکتی ہے؟ [/INST] وفاقی حکومت کسی صوبے کو ہدایات دے سکتی ہے کہ وہ اپنے عاملانہ اختیار کو کس طرح استعمال کرے تاکہ پاکستان یا اس کے کسی حصے کے امن، سکون یا اقتصادی زندگی کے لیے کسی سنگین خطرے کو روکا جا سکے۔ </s>,urdu,289
"<s>[INST] What must the Islamic Council do within fifteen days of receiving a question from a House, Provincial Assembly, President, or Governor? [/INST] The Islamic Council must inform the House, Assembly, President, or Governor of the period within which it expects to be able to furnish its advice within fifteen days of receiving the question. </s>",eng,499
<s>[INST] اسلامی کونسل کو کسی ایوان، صوبائی اسمبلی، صدر یا گورنر سے سوال موصول ہونے کے پندرہ دن کے اندر کیا کرنا چاہیے؟ [/INST] اسلامی کونسل کو سوال موصول ہونے کے پندرہ دن کے اندر اس ایوان، اسمبلی، صدر یا گورنر کو اس مدت سے مطلع کرنا چاہیے جس کے اندر وہ مذکورہ مشورہ فراہم کرنے کی توقع رکھتی ہو۔ </s>,urdu,499
<s>[INST] What happens to cases under Article 203B that are pending before any High Court when the new chapter starts? [/INST] Cases under Article 203B that are pending before any High Court will be transferred to the Court and will be dealt with from the stage they were transferred. </s>,eng,430
<s>[INST] جب نیا باب شروع ہوتا ہے تو آرٹیکل 203B کے تحت کسی بھی عدالت عالیہ میں زیر التواء مقدمات کا کیا ہوتا ہے؟ [/INST] آرٹیکل 203B کے تحت جو مقدمات کسی بھی عدالت عالیہ میں زیر التواء ہوں گے، وہ عدالت کو منتقل کر دیے جائیں گے اور اس مرحلے سے نمٹا جائے گا جس مرحلے سے وہ منتقل کیے گئے تھے۔ </s>,urdu,430
"<s>[INST] Can the salary, allowances, and privileges of the President be changed to his disadvantage during his term? [/INST] No, the salary, allowances, and privileges of the President cannot be varied to his disadvantage during his term of office. </s>",eng,539
<s>[INST] کیا صدر کی تنخواہ، بھتے اور مراعات اس کی میعاد عہدے کے دوران اس کے مفاد کے منافی تبدیل کی جا سکتی ہیں؟ [/INST] نہیں، صدر کی تنخواہ، بھتے اور مراعات اس کی میعاد عہدے کے دوران اس کے مفاد کے منافی تبدیل نہیں کی جا سکتیں۔ </s>,urdu,539
"<s>[INST] When was the Proclamation of Emergency mentioned in the text originally issued? [/INST] The Proclamation of Emergency was originally issued on the twenty-third day of November, one thousand nine hundred and seventy-one. </s>",eng,617
<s>[INST] متن میں ذکر کردہ ہنگامی حالت کا اعلان کب جاری کیا گیا تھا؟ [/INST] ہنگامی حالت کا اعلان اصل میں ۲۳ نومبر ایک ہزار نو سو اکہتر کو جاری کیا گیا تھا۔ </s>,urdu,617
<s>[INST] Who has the final say on whether a Bill is a Money Bill or not? [/INST] The decision of the Speaker of the National Assembly on whether a Bill is a Money Bill or not shall be final. </s>,eng,146
<s>[INST] کیا کسی بل کے مالی بل ہونے یا نہ ہونے کا حتمی فیصلہ کون کرتا ہے؟ [/INST] کسی بل کے مالی بل ہونے یا نہ ہونے پر قومی اسمبلی کے اسپیکر کا فیصلہ قطعی ہوگا۔ </s>,urdu,146
"<s>[INST] Who gets ownership of property that has no rightful owner in a Province? [/INST] If a property has no rightful owner and is located in a Province, it will vest in the Government of that Province. </s>",eng,339
<s>[INST] کسی صوبے میں ایسی جائیداد جس کا کوئی جائز مالک نہ ہو، اس کی ملکیت کس کو ملے گی؟ [/INST] اگر کسی جائیداد کا کوئی جائز مالک نہ ہو اور وہ کسی صوبے میں واقع ہو، تو وہ اس صوبے کی حکومت کی ملکیت ہوگی۔ </s>,urdu,339
<s>[INST] Who has the authority to establish separate High Courts for Balochistan and Sindh? [/INST] The President has the authority to establish separate High Courts for Balochistan and Sindh by Order. </s>,eng,383
<s>[INST] بلوچستان اور سندھ کے لیے الگ عدالت عالیہ قائم کرنے کا اختیار کس کے پاس ہے؟ [/INST] صدر کے پاس فرمان کے ذریعے بلوچستان اور سندھ کے لیے الگ عدالت عالیہ قائم کرنے کا اختیار ہے۔ </s>,urdu,383
"<s>[INST] Can people gather together in Pakistan without carrying weapons? [/INST] Yes, people can gather together peacefully and without arms, subject to reasonable restrictions imposed by law in the interest of public order. </s>",eng,29
<s>[INST] کیا لوگ پاکستان میں بغیر ہتھیاروں کے اکٹھے ہو سکتے ہیں؟ [/INST] جی ہاں، لوگ پرامن طور پر اور اسلحہ کے بغیر جمع ہو سکتے ہیں، امن عامہ کے مفاد میں قانون کے ذریعے عائد کردہ معقول پابندیوں کے تابع۔ </s>,urdu,29
<s>[INST] Who has the authority to call and end sessions of the Provincial Assembly? [/INST] The Governor has the authority to summon and prorogue the Provincial Assembly. </s>,eng,214
<s>[INST] صوبائی اسمبلی کا اجلاس طلب اور برخاست کرنے کا اختیار کس کے پاس ہے؟ [/INST] گورنر کے پاس صوبائی اسمبلی کا اجلاس طلب اور برخاست کرنے کا اختیار ہے۔ </s>,urdu,214
"<s>[INST] Can the validity of directions issued by the Federal Government to the Armed Forces be challenged in court? [/INST] No, the validity of any direction issued by the Federal Government to the Armed Forces cannot be called in question in any court. </s>",eng,529
<s>[INST] کیا وفاقی حکومت کی طرف سے مسلح افواج کو جاری کردہ ہدایات کے جواز کو عدالت میں چیلنج کیا جا سکتا ہے؟ [/INST] نہیں، وفاقی حکومت کی طرف سے مسلح افواج کو جاری کردہ کسی بھی ہدایت کے جواز کو کسی عدالت میں زیر اعتراض نہیں لایا جا سکتا۔ </s>,urdu,529
"<s>[INST] What happens if a bill is passed by both Houses without any changes? [/INST] If a bill is passed by both Houses without any changes, it is presented to the President for assent. </s>",eng,139
<s>[INST] اگر دونوں ایوان بل کو بغیر کسی تبدیلی کے منظور کر لیں تو کیا ہوتا ہے؟ [/INST] اگر دونوں ایوان بل کو بغیر کسی تبدیلی کے منظور کر لیں تو اسے منظوری کے لیے صدر کو پیش کر دیا جاتا ہے۔ </s>,urdu,139
<s>[INST] Who needs to give consent for financial measures involving the Federal Consolidated Fund or the Public Account of the Federation? [/INST] The Federal Government needs to give consent for such financial measures. </s>,eng,147
<s>[INST] وفاقی مجموعی فنڈ یا وفاق کے حسابات عامہ سے متعلق مالی اقدامات کے لیے کس کی منظوری درکار ہوتی ہے؟ [/INST] ایسے مالی اقدامات کے لیے وفاقی حکومت کی منظوری درکار ہوتی ہے۔ </s>,urdu,147
"<s>[INST] What happens if a High Court Judge does not accept an appointment to the Supreme Court? [/INST] If a High Court Judge does not accept an appointment to the Supreme Court, they are deemed to have retired and are entitled to receive a pension based on the length of their service as a Judge and any total service in the service of Pakistan. </s>",eng,440
<s>[INST] اگر کسی عدالت عالیہ کا جج عدالت عظمیٰ میں تقرری قبول نہ کرے تو کیا ہوتا ہے؟ [/INST] اگر کسی عدالت عالیہ کا جج عدالت عظمیٰ میں تقرری قبول نہ کرے تو اسے فارغ الخدمة متصور کیا جائے گا اور وہ جج کے طور پر اپنے عرصہ ملازمت اور ملازمت پاکستان میں کل ملازمت کی بنیاد پر پنشن وصول کرنے کا حق دار ہو گا۔ </s>,urdu,440
<s>[INST] What is required for a bill to amend the Constitution to be presented to the President for assent? [/INST] The bill must be passed by the votes of not less than two-thirds of the total membership of both Houses. </s>,eng,517
<s>[INST] دستور میں ترمیم کرنے والے بل کو صدر کی منظوری کے لیے پیش کرنے کے لیے کیا ضروری ہے؟ [/INST] بل کو دونوں ایوانوں کی کل رکنیت کے کم از کم دو تہائی ووٹوں سے منظور کیا جانا چاہیے۔ </s>,urdu,517
"<s>[INST] When were the General Elections 2008 held in Pakistan? [/INST] The General Elections 2008 were held on the eighteenth day of February, two thousand and eight. </s>",eng,594
<s>[INST] پاکستان میں عام انتخابات ۲۰۰۸ء کب منعقد ہوئے؟ [/INST] عام انتخابات ۲۰۰۸ء اٹھارہ فروری دو ہزار آٹھ کو منعقد ہوئے۔ </s>,urdu,594
"<s>[INST] What happens to a member of Parliament or a Provincial Assembly if they are elected as President? [/INST] If a member of Parliament or a Provincial Assembly is elected as President, their seat in Parliament or the Provincial Assembly shall become vacant on the day they enter upon their office. </s>",eng,79
<s>[INST] اگر پارلیمنٹ یا صوبائی اسمبلی کا کوئی رکن صدر منتخب ہو جائے تو کیا ہوتا ہے؟ [/INST] اگر پارلیمنٹ یا صوبائی اسمبلی کا کوئی رکن صدر منتخب ہو جائے تو اس کی نشست اس دن خالی ہو جائے گی جس دن وہ اپنا عہدہ سنبھالے گا۔ </s>,urdu,79
"<s>[INST] Can a court review the removal of a judge by the Council? [/INST] No, the removal of a judge by the Council cannot be questioned in any court. </s>",eng,451
<s>[INST] کیا عدالت کونسل کے ذریعے جج کی برطرفی کا جائزہ لے سکتی ہے؟ [/INST] نہیں، کونسل کے ذریعے جج کی برطرفی پر کسی عدالت میں کوئی اعتراض نہیں کیا جا سکتا۔ </s>,urdu,451
<s>[INST] How long does an Ordinance remain in effect if not extended or disapproved by the Provincial Assembly? [/INST] An Ordinance remains in effect for ninety days from its promulgation unless extended by the Provincial Assembly for a further period of ninety days or disapproved by the Assembly before the expiration of that period. </s>,eng,251
<s>[INST] آرڈیننس کتنے عرصے تک نافذ رہتا ہے اگر اسے صوبائی اسمبلی کی طرف سے توسیع یا نامنظور نہ کیا جائے؟ [/INST] آرڈیننس اپنے نفاذ سے نوے دن تک نافذ رہتا ہے جب تک کہ صوبائی اسمبلی کی طرف سے مزید نوے دن کے لیے توسیع نہ دی جائے یا اس مدت کے اختتام سے قبل اسمبلی کی طرف سے نامنظور نہ کیا جائے۔ </s>,urdu,251
"<s>[INST] What does the term ""Chief Justice"" refer to in this context? [/INST] ""Chief Justice"" means Chief Justice of the Court. </s>",eng,408
<s>[INST] اس سیاق و سباق میں 'چیف جسٹس' سے کیا مراد ہے؟ [/INST] 'چیف جسٹس' سے عدالت کا چیف جسٹس مراد ہے۔ </s>,urdu,408
"<s>[INST] Can ongoing court cases be paused just because a petition has been made to check if a law is against Islamic injunctions? [/INST] No, ongoing court cases will not be paused just because a petition has been made to check if a law is against Islamic injunctions; they will continue as per the current law. </s>",eng,429
<s>[INST] کیا زیر سماعت عدالت کے مقدمات کو صرف اس وجہ سے روکا جا سکتا ہے کہ ایک درخواست دی گئی ہے کہ یہ جانچا جائے کہ آیا کوئی قانون اسلامی احکام کے خلاف ہے؟ [/INST] نہیں، زیر سماعت عدالت کے مقدمات کو صرف اس وجہ سے نہیں روکا جائے گا کہ ایک درخواست دی گئی ہے کہ یہ جانچا جائے کہ آیا کوئی قانون اسلامی احکام کے خلاف ہے؛ وہ موجودہ قانون کے مطابق جاری رہیں گے۔ </s>,urdu,429
"<s>[INST] What happens after a complaint about water supply interference is received? [/INST] Upon receiving such a complaint, the Council shall either give its decision or request the President to appoint a commission consisting of persons with special knowledge and experience in relevant fields. </s>",eng,300
<s>[INST] پانی کی فراہمی میں مداخلت کی شکایت موصول ہونے کے بعد کیا ہوتا ہے؟ [/INST] ایسی شکایت موصول ہونے پر، کونسل یا تو اپنا فیصلہ دے گی یا صدر سے درخواست کرے گی کہ وہ متعلقہ شعبوں میں خصوصی علم و تجربے کے حامل افراد پر مشتمل ایک کمیشن مقرر کرے۔ </s>,urdu,300
"<s>[INST] Are there any circumstances under which property can be taken without following the usual rules? [/INST] Yes, property can be taken without following the usual rules for preventing danger to life, property, or public health; if it was acquired by unfair means; if it is enemy or evacuee property; for managing the property in the public interest; or for providing education, medical aid, housing, public facilities, or maintenance to those unable to maintain themselves. </s>",eng,44
<s>[INST] کیا کوئی حالات ایسے ہیں جن میں جائیداد کو معمول کے قواعد کی پیروی کیے بغیر قبضہ میں لیا جا سکتا ہے؟ [/INST] جی ہاں، جائیداد کو معمول کے قواعد کی پیروی کیے بغیر قبضہ میں لیا جا سکتا ہے اگر جان، مال یا صحت عامہ کو خطرہ ہو؛ اگر وہ ناجائز ذرائع سے حاصل کی گئی ہو؛ اگر وہ دشمن یا متروکہ جائیداد ہو؛ اگر مفاد عامہ کے پیش نظر جائیداد کا انتظام کرنا ہو؛ یا اگر تعلیم، طبی امداد، رہائش، عام سہولتیں یا ان لوگوں کے لیے نان نفقہ مہیا کرنا ہو جو اپنی کفالت خود کرنے کے قابل نہ ہوں۔ </s>,urdu,44
"<s>[INST] Are the laws made between December 20, 1971, and April 20, 1972, subject to judicial review? [/INST] No, the laws made between December 20, 1971, and April 20, 1972, are declared valid and cannot be questioned in any court on any ground. </s>",eng,580
<s>[INST] کیا بیس دسمبر سن ایک ہزار نو سو اکہتر اور بیس اپریل سن ایک ہزار نو سو بہتر کے درمیان بنائے گئے قوانین عدالتی جائزے کے تابع ہیں؟ [/INST] نہیں، بیس دسمبر سن ایک ہزار نو سو اکہتر اور بیس اپریل سن ایک ہزار نو سو بہتر کے درمیان بنائے گئے قوانین کو جائز قرار دیا گیا ہے اور ان پر کسی بناء پر بھی کسی عدالت میں اعتراض نہیں کیا جا سکتا۔ </s>,urdu,580
<s>[INST] How does the State ensure that justice is accessible to the public? [/INST] The State ensures inexpensive and expeditious justice. </s>,eng,67
<s>[INST] ریاست عوام کو انصاف کی فراہمی کیسے یقینی بناتی ہے؟ [/INST] ریاست سستے اور سہل الحصول انصاف کو یقینی بناتی ہے۔ </s>,urdu,67
"<s>[INST] What kind of biases does the State aim to reduce among its people? [/INST] The State aims to reduce parochial, racial, tribal, sectarian, and provincial biases among its people. </s>",eng,62
<s>[INST] ریاست اپنے لوگوں کے درمیان کس قسم کے تعصبات کو کم کرنے کا ارادہ رکھتی ہے؟ [/INST] ریاست اپنے لوگوں کے درمیان علاقائی، نسلی، قبائلی، فرقہ وارانہ اور صوبائی تعصبات کو کم کرنے کا ارادہ رکھتی ہے۔ </s>,urdu,62
<s>[INST] What happens to penalties or punishments for offences committed under a law that has been repealed? [/INST] Penalties or punishments incurred for offences committed under a repealed law are not affected by the repeal and may still be imposed as if the law had not been repealed. </s>,eng,565
<s>[INST] منسوخ شدہ قانون کے تحت کئے گئے جرائم کی سزاؤں یا جرمانوں کا کیا ہوتا ہے؟ [/INST] منسوخ شدہ قانون کے تحت کئے گئے جرائم کی سزائیں یا جرمانے منسوخی سے متاثر نہیں ہوتے اور انہیں اس طرح عائد کیا جا سکتا ہے گویا قانون منسوخ نہیں ہوا تھا۔ </s>,urdu,565
"<s>[INST] Are all citizens treated the same under the law? [/INST] Yes, all citizens are equal before the law and are entitled to equal protection of the law. </s>",eng,46
<s>[INST] کیا تمام شہریوں کے ساتھ قانون کے تحت یکساں سلوک کیا جاتا ہے؟ [/INST] جی ہاں، تمام شہری قانون کی نظر میں برابر ہیں اور قانونی تحفظ کے مساوی طور پر حقدار ہیں۔ </s>,urdu,46
"<s>[INST] What is the next step if the Provincial Assembly passes a Bill again after the Governor has returned it for reconsideration? [/INST] If the Provincial Assembly passes the Bill again, with or without amendment, it shall be presented to the Governor again, and the Governor must give assent within ten days, failing which the assent shall be deemed to have been given. </s>",eng,229
<s>[INST] اگر گورنر نے بل کو دوبارہ غور کے لیے واپس کر دیا ہو اور صوبائی اسمبلی اسے دوبارہ منظور کر لے تو اگلا قدم کیا ہو گا؟ [/INST] اگر صوبائی اسمبلی بل کو دوبارہ منظور کر لے، چاہے ترمیم کے ساتھ یا بغیر ترمیم کے، تو اسے دوبارہ گورنر کو پیش کیا جائے گا اور گورنر دس دنوں کے اندر اس کی منظوری دے گا، ناکامی کی صورت میں یہ سمجھا جائے گا کہ منظوری ہو چکی ہے۔ </s>,urdu,229
<s>[INST] Who can make rules regarding the recruitment and conditions of service for the secretarial staff of the National Assembly or the Senate until the Parliament makes provisions? [/INST] The Speaker or the Chairman may make rules with the approval of the President. </s>,eng,174
<s>[INST] قومی اسمبلی یا سینیٹ کے عملہ معتمدی میں بھرتی اور مقررہ اشخاص کی ملازمت کی شرائط کے بارے میں قواعد کون وضع کر سکتا ہے جب تک پارلیمنٹ اس بارے میں قانون وضع نہ کرے؟ [/INST] اسپیکر یا چیئرمین صدر کی منظوری سے قواعد وضع کر سکتے ہیں۔ </s>,urdu,174
<s>[INST] Who appoints the members of the Council of Common Interests? [/INST] The members of the Council of Common Interests are appointed by the President. </s>,eng,295
<s>[INST] مشترکہ مفادات کی کونسل کے ارکان کا تقرر کون کرتا ہے؟ [/INST] مشترکہ مفادات کی کونسل کے ارکان کا تقرر صدر کرتا ہے۔ </s>,urdu,295
"<s>[INST] How is the President of Pakistan elected? [/INST] The President is elected by the members of an electoral college consisting of the members of both Houses and the members of the Provincial Assemblies, in accordance with the provisions of the Second Schedule. </s>",eng,76
<s>[INST] پاکستان کے صدر کا انتخاب کیسے ہوتا ہے؟ [/INST] صدر کا انتخاب انتخابی ادارے کے ارکان کی طرف سے کیا جاتا ہے جو دونوں ایوانوں کے ارکان اور صوبائی اسمبلیوں کے ارکان پر مشتمل ہوتا ہے، اور یہ جدول دوم کے احکام کے مطابق ہوتا ہے۔ </s>,urdu,76
"<s>[INST] Who has the authority to appoint the top military officials in Pakistan? [/INST] The President, on the advice of the Prime Minister, has the authority to appoint the Chairman of the Joint Chiefs of Staff Committee, the Chief of the Army Staff, the Chief of the Naval Staff, and the Chief of the Air Staff. </s>",eng,526
<s>[INST] پاکستان میں اعلیٰ فوجی عہدیداروں کی تقرری کا اختیار کس کے پاس ہے؟ [/INST] صدر، وزیراعظم کے مشورے پر، چیئرمین جوائنٹ چیفس آف اسٹاف کمیٹی، چیف آف آرمی اسٹاف، چیف آف نیول اسٹاف، اور چیف آف ایئر اسٹاف کا تقرر کرتا ہے۔ </s>,urdu,526
"<s>[INST] Will existing taxes continue to be collected after the new law starts? [/INST] Yes, all taxes and fees levied under any law in force immediately before the commencing day shall continue to be levied until they are varied or abolished by Act of the appropriate Legislature. </s>",eng,616
<s>[INST] کیا موجودہ محصولات نئے قانون کے شروع ہونے کے بعد بھی جمع کیے جائیں گے؟ [/INST] جی ہاں، یوم آغاز سے عین قبل نافذ العمل کسی قانون کے تحت عائد کردہ تمام محصولات اور فیسیں اس وقت تک برقرار رہیں گی جب تک انہیں متعلقہ مقننہ کے ایکٹ کے ذریعے تبدیل یا منسوخ نہ کر دیا جائے۔ </s>,urdu,616
"<s>[INST] Can a province borrow money without any restrictions? [/INST] No, a province can borrow money upon the security of the Provincial Consolidated Fund within limits fixed by the Provincial Assembly and with the consent of the Federal Government if there are outstanding loans or guarantees. </s>",eng,327
<s>[INST] کیا کوئی صوبہ بغیر کسی پابندی کے قرض لے سکتا ہے؟ [/INST] نہیں، کوئی صوبہ صوبائی مجموعی فنڈ کی ضمانت پر صوبائی اسمبلی کی مقرر کردہ حدود کے اندر اور وفاقی حکومت کی رضامندی کے ساتھ، اگر کوئی بقایا قرضے یا ضمانتیں ہوں، قرض لے سکتا ہے۔ </s>,urdu,327
"<s>[INST] Does the Constitution consider words referring to men to also include women? [/INST] Yes, words importing the masculine gender shall be taken to include females. </s>",eng,563
<s>[INST] کیا دستور میں مردوں سے متعلق الفاظ خواتین کو بھی شامل کرتے ہیں؟ [/INST] جی ہاں، وہ الفاظ جن سے صیغہ مذکر کا مفہوم نکلتا ہو، صیغہ مؤنث پر بھی حاوی سمجھے جائیں گے۔ </s>,urdu,563
<s>[INST] Which area gets priority in using natural gas from a well-head located within its boundaries? [/INST] The Province in which a well-head of natural gas is situated gets precedence over other parts of Pakistan in meeting the requirements from that well-head. </s>,eng,306
<s>[INST] قدرتی گیس کے سرچشمے سے واقع علاقے کو ترجیح کس کو ملتی ہے؟ [/INST] جس صوبے میں قدرتی گیس کا سرچشمہ واقع ہو، اسے پاکستان کے دیگر حصوں پر ترجیح حاصل ہوگی۔ </s>,urdu,306
"<s>[INST] Is there a waiting period before a former Commissioner or member can take another paid position in the service of Pakistan? [/INST] Yes, a former Commissioner or member must wait for two years after leaving office before taking another paid position in the service of Pakistan. </s>",eng,467
<s>[INST] کیا سابق کمشنر یا رکن کو پاکستان کی ملازمت میں کوئی دوسرا منفعت بخش عہدہ سنبھالنے سے پہلے انتظار کرنا پڑتا ہے؟ [/INST] جی ہاں، سابق کمشنر یا رکن کو عہدہ چھوڑنے کے بعد دو سال انتظار کرنا پڑتا ہے اس سے پہلے کہ وہ پاکستان کی ملازمت میں کوئی دوسرا منفعت بخش عہدہ سنبھال سکیں۔ </s>,urdu,467
"<s>[INST] Are there any exceptions to the rule that laws conflicting with fundamental rights are void? [/INST] Yes, the provisions of this Article do not apply to laws relating to members of the Armed Forces, police, or other forces charged with maintaining public order, and certain laws specified in the First Schedule. </s>",eng,14
<s>[INST] کیا بنیادی حقوق کے متناقض قوانین کالعدم ہونے کے اصول کے کوئی استثنات ہیں؟ [/INST] جی ہاں، اس آرٹیکل کے احکام مسلح افواج، پولیس، یا امن عامہ قائم رکھنے کی ذمہ دار دیگر جمعیتوں سے متعلق قوانین اور جدول اول میں مذکور بعض قوانین پر لاگو نہیں ہوتے۔ </s>,urdu,14
<s>[INST] When does a Provincial Assembly elect a Speaker and a Deputy Speaker? [/INST] A Provincial Assembly elects a Speaker and a Deputy Speaker at its first meeting after a general election. </s>,eng,212
<s>[INST] صوبائی اسمبلی اسپیکر اور ڈپٹی اسپیکر کا انتخاب کب کرتی ہے؟ [/INST] صوبائی اسمبلی عام انتخابات کے بعد اپنے پہلے اجلاس میں اسپیکر اور ڈپٹی اسپیکر کا انتخاب کرتی ہے۔ </s>,urdu,212
"<s>[INST] Can the Federal Government authorize spending if the National Assembly is dissolved? [/INST] Yes, the Federal Government can authorize expenditure from the Federal Consolidated Fund if the National Assembly is dissolved. </s>",eng,171
<s>[INST] کیا وفاقی حکومت خرچ کی منظوری دے سکتی ہے اگر قومی اسمبلی ٹوٹی ہوئی ہو؟ [/INST] جی ہاں، وفاقی حکومت وفاقی مجموعی فنڈ سے خرچ کی منظوری دے سکتی ہے اگر قومی اسمبلی ٹوٹی ہوئی ہو۔ </s>,urdu,171
"<s>[INST] Does the Constitution restrict the Parliament from making indemnity laws for actions related to maintaining order? [/INST] No, the Constitution does not prevent the Parliament from making indemnity laws for actions related to maintaining or restoring order. </s>",eng,514
<s>[INST] کیا آئین پارلیمنٹ کو امن و امان برقرار رکھنے سے متعلق اقدامات کے لئے برأت کے قوانین بنانے سے روکتا ہے؟ [/INST] نہیں، آئین پارلیمنٹ کو امن و امان برقرار رکھنے یا بحال کرنے سے متعلق اقدامات کے لئے برأت کے قوانین بنانے سے نہیں روکتا۔ </s>,urdu,514
"<s>[INST] Can the validity of an order or instrument made in the name of the Governor be questioned in court? [/INST] No, the validity of any order or instrument made in the name of the Governor cannot be questioned in any court on the ground that it was not made or executed by the Governor. </s>",eng,267
<s>[INST] کیا گورنر کے نام سے وضع کیے ہوئے حکم یا دستاویز کے جواز پر عدالت میں اعتراض کیا جا سکتا ہے؟ [/INST] نہیں، گورنر کے نام سے وضع کیے ہوئے کسی حکم یا دستاویز کے جواز پر کسی عدالت میں اس بناء پر اعتراض نہیں کیا جا سکتا کہ اسے گورنر نے وضع یا مکمل نہیں کیا تھا۔ </s>,urdu,267
"<s>[INST] Can children under fourteen work in factories or mines in Pakistan? [/INST] No, children below the age of fourteen years shall not be engaged in any factory, mine, or any other hazardous employment. </s>",eng,22
<s>[INST] کیا پاکستان میں چودہ سال سے کم عمر کے بچے کارخانوں یا کانوں میں کام کر سکتے ہیں؟ [/INST] نہیں، چودہ سال سے کم عمر کے کسی بچے کو کسی کارخانے، کان یا دیگر پرخطر ملازمت میں نہیں رکھا جائے گا۔ </s>,urdu,22
"<s>[INST] When was the provision for Special Courts for heinous offences repealed? [/INST] The provision for Special Courts for heinous offences was repealed on 26th July, 1994. </s>",eng,457
<s>[INST] سنگین جرائم کے لیے خصوصی عدالتوں کی فراہمی کب منسوخ کی گئی؟ [/INST] سنگین جرائم کے لیے خصوصی عدالتوں کی فراہمی ۲۶ جولائی ۱۹۹۴ کو منسوخ کی گئی۔ </s>,urdu,457
"<s>[INST] Who is responsible for ensuring that actions are in line with the Principles of Policy? [/INST] The responsibility lies with the organ or authority of the State, or the person performing functions on behalf of an organ or authority of the State. </s>",eng,57
<s>[INST] حکمت عملی کے اصولوں کے مطابق اقدامات کو یقینی بنانے کی ذمہ داری کس کی ہے؟ [/INST] یہ ذمہ داری مملکت کے متعلقہ شعبے یا ہیئت مجاز کی یا متعلقہ شخص کی ہے جو مملکت کے کسی شعبے یا ہیئت مجاز کی طرف سے کام کر رہا ہو۔ </s>,urdu,57
<s>[INST] How many members of the Provincial Assembly are needed to move a vote of no-confidence against the Chief Minister? [/INST] Not less than twenty per centum of the total membership of the Provincial Assembly are needed to move a vote of no-confidence against the Chief Minister. </s>,eng,261
<s>[INST] وزیر اعلیٰ کے خلاف عدم اعتماد کی تحریک پیش کرنے کے لیے صوبائی اسمبلی کے کتنے ارکان کی ضرورت ہے؟ [/INST] وزیر اعلیٰ کے خلاف عدم اعتماد کی تحریک پیش کرنے کے لیے صوبائی اسمبلی کی کل رکنیت کے کم از کم بیس فیصد ارکان کی ضرورت ہے۔ </s>,urdu,261
"<s>[INST] Are members of the Parliament protected from legal proceedings for their speeches and votes within the Parliament? [/INST] Yes, members are protected from any legal proceedings in any court for anything said or any vote given by them in the Parliament. </s>",eng,130
<s>[INST] کیا پارلیمنٹ کے ارکان اپنی تقاریر اور ووٹوں کے لئے قانونی کارروائی سے محفوظ ہیں؟ [/INST] جی ہاں، ارکان پارلیمنٹ میں کی گئی کسی بھی تقریر یا دیئے گئے کسی بھی ووٹ کے لئے کسی عدالت میں کسی قانونی کارروائی سے محفوظ ہیں۔ </s>,urdu,130
"<s>[INST] What does the Provincial Assembly regulate concerning the Provincial Consolidated Fund and Public Account? [/INST] The Provincial Assembly regulates the custody, payment into, and withdrawal of moneys from the Provincial Consolidated Fund and Public Account, as well as all matters connected with or ancillary to these activities. </s>",eng,235
<s>[INST] صوبائی اسمبلی صوبائی مجموعی فنڈ اور عوامی حساب کے بارے میں کیا منضبط کرتی ہے؟ [/INST] صوبائی اسمبلی صوبائی مجموعی فنڈ اور عوامی حساب کی تحویل، اس میں رقوم کی ادائیگی، اور اس سے رقوم کی واپسی، اور ان سرگرمیوں سے متعلق یا ضمنی جملہ امور کو منضبط کرتی ہے۔ </s>,urdu,235
"<s>[INST] What happens if the Court finds a law to be against the Injunctions of Islam? [/INST] If the Court finds a law to be against the Injunctions of Islam, it will set out the reasons for its opinion, specify the extent of the repugnance, and the law or provision will cease to have effect on the specified day. </s>",eng,414
<s>[INST] اگر عدالت کسی قانون کو اسلامی احکام کے منافی قرار دے تو کیا ہوتا ہے؟ [/INST] اگر عدالت کسی قانون کو اسلامی احکام کے منافی قرار دے تو وہ اپنی رائے کی وجوہات بیان کرے گی، منافی ہونے کی حد کی وضاحت کرے گی، اور قانون یا دفعہ مقررہ تاریخ سے مؤثر نہیں رہے گا۔ </s>,urdu,414
<s>[INST] Who does the Chief Justice of Pakistan take an oath before when assuming office? [/INST] The Chief Justice of Pakistan takes an oath before the President. </s>,eng,354
<s>[INST] چیف جسٹس پاکستان عہدہ سنبھالتے وقت کس کے سامنے حلف اٹھاتے ہیں؟ [/INST] چیف جسٹس پاکستان صدر کے سامنے حلف اٹھاتے ہیں۔ </s>,urdu,354
"<s>[INST] Are lower courts required to follow the decisions made by a High Court? [/INST] Yes, lower courts are required to follow the decisions made by a High Court if the decision involves a question of law or establishes a principle of law. </s>",eng,402
<s>[INST] کیا ماتحت عدالتیں عدالت عالیہ کے فیصلوں کی پابند ہیں؟ [/INST] جی ہاں، اگر عدالت عالیہ کا فیصلہ کسی امر قانونی کا تصفیہ کرتا ہو یا کسی اصول قانون کو قائم کرتا ہو تو ماتحت عدالتیں اس کی پابند ہیں۔ </s>,urdu,402
"<s>[INST] What can the rules made by the Court include regarding payments? [/INST] The rules can include provisions for the scale of payment of honoraria to jurisconsults, experts, and witnesses summoned by the Court to cover their expenses incurred in attending the proceedings. </s>",eng,433
<s>[INST] عدالت کی طرف سے وضع کردہ قواعد میں ادائیگیوں کے بارے میں کیا شامل ہو سکتا ہے؟ [/INST] قواعد میں ماہرین قانون، ماہرین اور گواہوں کو جنہیں عدالت کی طرف سے طلب کیا گیا ہو، ایسے اخراجات اٹھانے کے لیے اعزازیہ کی ادائیگی کے پیمانے شامل ہو سکتے ہیں جو انہیں عدالت کے سامنے کارروائی کی اغراض کے لیے پیش ہونے میں برداشت کرنے پڑے ہوں۔ </s>,urdu,433
"<s>[INST] What can the President do if he wants to communicate with either House regarding a Bill or other matters? [/INST] The President may send messages to either House, and the House receiving the message must consider the matter with all convenient despatch. </s>",eng,106
<s>[INST] اگر صدر کسی بل یا دیگر معاملات کے بارے میں کسی ایوان سے بات کرنا چاہے تو وہ کیا کر سکتا ہے؟ [/INST] صدر کسی بھی ایوان کو پیغامات بھیج سکتا ہے، اور جس ایوان کو پیغام موصول ہو، اسے مناسب مستعدی کے ساتھ اس معاملے پر غور کرنا ہوگا۔ </s>,urdu,106
<s>[INST] How often is the National Economic Council required to meet? [/INST] The National Economic Council is required to meet at least twice a year. </s>,eng,303
<s>[INST] قومی اقتصادی کونسل کو کتنی بار اجلاس کرنا ضروری ہے؟ [/INST] قومی اقتصادی کونسل کو سال میں کم از کم دو بار اجلاس کرنا ضروری ہے۔ </s>,urdu,303
<s>[INST] What two types of expenditure must be shown separately in the Annual Budget Statement? [/INST] The Annual Budget Statement must show separately the sums required to meet expenditure charged upon the Federal Consolidated Fund and the sums required to meet other expenditure proposed to be made from the Federal Consolidated Fund. </s>,eng,160
<s>[INST] سالانہ کیفیت نامہ بجٹ میں کون سے دو اقسام کے مصارف علیحدہ علیحدہ ظاہر کیے جانے چاہئیں؟ [/INST] سالانہ کیفیت نامہ بجٹ میں ایسی رقوم جو وفاقی مجموعی فنڈ پر واجب الادا مصارف کو پورا کرنے کے لیے درکار ہوں اور ایسی رقوم جو دیگر مصارف کو پورا کرنے کے لیے درکار ہوں، علیحدہ علیحدہ ظاہر کی جائیں گی۔ </s>,urdu,160
"<s>[INST] Is an act ineffective if it is not completed within the required time period set by the Constitution? [/INST] No, an act is not ineffective just because it was not completed within the required time period set by the Constitution. </s>",eng,548
<s>[INST] اگر کوئی فعل دستور کی مقرر کردہ مدت کے اندر مکمل نہ ہو تو کیا وہ غیر مؤثر ہوگا؟ [/INST] نہیں، کوئی فعل صرف اس وجہ سے غیر مؤثر نہیں ہوگا کہ وہ دستور کی مقرر کردہ مدت کے اندر مکمل نہیں ہوا۔ </s>,urdu,548
<s>[INST] Which calendar is used to measure time periods in the Constitution? [/INST] The Gregorian calendar is used to measure time periods in the Constitution. </s>,eng,562
<s>[INST] دستور میں وقت کی مدتوں کا شمار کرنے کے لیے کون سا نظام تقویم استعمال ہوتا ہے؟ [/INST] دستور میں وقت کی مدتوں کا شمار کرنے کے لیے گریگوری نظام تقویم استعمال ہوتا ہے۔ </s>,urdu,562
"<s>[INST] Under what condition is the President required to dissolve the National Assembly? [/INST] The President is required to dissolve the National Assembly if advised by the Prime Minister, and it will stand dissolved forty-eight hours after the Prime Minister has given such advice unless it is dissolved sooner. </s>",eng,109
<s>[INST] صدر کو کس شرط پر قومی اسمبلی تحلیل کرنے کی ضرورت ہے؟ [/INST] صدر کو قومی اسمبلی تحلیل کرنے کی ضرورت ہے اگر وزیر اعظم کی طرف سے مشورہ دیا جائے، اور یہ وزیر اعظم کی طرف سے ایسا مشورہ دیے جانے کے بعد اڑتالیس گھنٹوں کے اندر تحلیل ہو جائے گی، جب تک کہ اسے اس سے پہلے تحلیل نہ کر دیا جائے۔ </s>,urdu,109
<s>[INST] How many members can the Islamic Council have? [/INST] The Islamic Council can have not less than eight and not more than twenty members. </s>,eng,492
<s>[INST] اسلامی کونسل میں کتنے ارکان ہو سکتے ہیں؟ [/INST] اسلامی کونسل میں کم از کم آٹھ اور زیادہ سے زیادہ بیس ارکان ہو سکتے ہیں۔ </s>,urdu,492
"<s>[INST] Can the Governor of a province in Pakistan hold another job that pays for services rendered? [/INST] No, the Governor shall not hold any office of profit in the service of Pakistan or occupy any other position carrying the right to remuneration for the rendering of services. </s>",eng,201
<s>[INST] کیا پاکستان کے کسی صوبے کا گورنر کوئی دوسری ملازمت کر سکتا ہے جو خدمات کی انجام دہی کے صلہ میں معاوضہ دیتی ہو؟ [/INST] نہیں، گورنر پاکستان کی ملازمت میں کوئی منفعت بخش عہدہ یا کوئی دوسری ایسی حیثیت قبول نہیں کرے گا جو خدمات کی انجام دہی کے صلہ میں معاوضہ کے حق کی حامل ہو۔ </s>,urdu,201
"<s>[INST] What does ""net proceeds"" mean in relation to any tax or duty? [/INST] ""Net proceeds"" means the proceeds of any tax or duty, reduced by the cost of collection, as ascertained and certified by the Auditor-General. </s>",eng,559
<s>[INST] کسی محصول یا ڈیوٹی کے سلسلے میں 'خالص آمدنی' سے کیا مراد ہے؟ [/INST] 'خالص آمدنی' سے مراد کسی محصول یا ڈیوٹی کی وہ آمدنی ہے جو وصولی کے اخراجات وضع کرنے کے بعد باقی بچے اور اس کی تحقیق و تصدیق محاسب اعلیٰ کی طرف سے کی جائے۔ </s>,urdu,559
<s>[INST] Who has the authority to construct hydro-electric or thermal power installations in a province? [/INST] The Federal Government has the authority to construct hydro-electric or thermal power installations in any province. </s>,eng,304
<s>[INST] کسی صوبے میں پن بجلی یا حرارتی برقی تنصیبات تعمیر کرنے کا اختیار کس کے پاس ہے؟ [/INST] وفاقی حکومت کے پاس کسی بھی صوبے میں پن بجلی یا حرارتی برقی تنصیبات تعمیر کرنے کا اختیار ہے۔ </s>,urdu,304
<s>[INST] What happens if there is a conflict between the provisions of this Chapter and other parts of the Constitution? [/INST] The provisions of this Chapter will take precedence over anything contained in the Constitution. </s>,eng,406
<s>[INST] اگر اس باب کے احکام اور دستور کے دیگر حصوں کے درمیان تضاد ہو تو کیا ہوگا؟ [/INST] اس باب کے احکام دستور میں شامل کسی امر پر فوقیت رکھیں گے۔ </s>,urdu,406
"<s>[INST] Can a person be punished for not providing evidence or documents to a parliamentary committee? [/INST] Yes, a person can be punished by a House for refusing to give evidence or produce documents when required by the chairman of the committee, and a court may also be empowered to punish such a person. </s>",eng,131
<s>[INST] کیا کسی شخص کو پارلیمانی کمیٹی کو شہادت یا دستاویزات فراہم نہ کرنے پر سزا دی جا سکتی ہے؟ [/INST] جی ہاں، کسی شخص کو ایوان کی طرف سے سزا دی جا سکتی ہے اگر وہ کمیٹی کے چیئرمین کی طرف سے مطلوبہ شہادت دینے یا دستاویزات پیش کرنے سے انکار کرے، اور عدالت کو بھی ایسے شخص کو سزا دینے کا اختیار دیا جا سکتا ہے۔ </s>,urdu,131
<s>[INST] How can a Provincial Minister resign from office? [/INST] A Provincial Minister can resign by writing under his hand addressed to the Governor. </s>,eng,259
<s>[INST] ایک صوبائی وزیر اپنے عہدے سے کیسے مستعفی ہو سکتا ہے؟ [/INST] کوئی صوبائی وزیر، گورنر کے نام اپنی دستخطی تحریر کے ذریعے، اپنے عہدے سے مستعفی ہو سکتا ہے۔ </s>,urdu,259
"<s>[INST] Can the President ask for reconsideration of the advice given to him? [/INST] Yes, the President may require the Cabinet or the Prime Minister to reconsider the advice within fifteen days, and then he must act in accordance with the advice tendered after such reconsideration within ten days. </s>",eng,88
<s>[INST] کیا صدر دیئے گئے مشورے پر دوبارہ غور کرنے کے لئے کہہ سکتا ہے؟ [/INST] جی ہاں، صدر پندرہ دنوں کے اندر کابینہ یا وزیر اعظم سے مشورے پر دوبارہ غور کرنے کے لئے کہہ سکتا ہے، اور پھر صدر دس دنوں کے اندر مذکورہ دوبارہ غور کے بعد دیئے گئے مشورے کے مطابق عمل کرے گا۔ </s>,urdu,88
<s>[INST] What can the Federal Government do if the allocated budget for a service is not enough during a financial year? [/INST] The Federal Government can authorize expenditure from the Federal Consolidated Fund and present a Supplementary Budget Statement to the National Assembly. </s>,eng,167
<s>[INST] وفاقی حکومت کیا کر سکتی ہے اگر کسی خدمت کے لیے مختص کردہ بجٹ مالی سال کے دوران ناکافی ہو؟ [/INST] وفاقی حکومت وفاقی مجموعی فنڈ سے خرچ کی منظوری دے سکتی ہے اور قومی اسمبلی کے سامنے ایک ضمنی کیفیت نامہ میزانیہ پیش کر سکتی ہے۔ </s>,urdu,167
"<s>[INST] What types of matters can Administrative Courts or Tribunals exclusively handle? [/INST] Administrative Courts or Tribunals can exclusively handle matters related to the terms and conditions of persons in the service of Pakistan, claims arising from tortious acts of the Government or its servants, and issues related to enemy property. </s>",eng,453
<s>[INST] انتظامی عدالتیں یا ٹربیونلز کس قسم کے معاملات کو خصوصی طور پر سنبھال سکتے ہیں؟ [/INST] انتظامی عدالتیں یا ٹربیونلز خصوصی طور پر ایسے معاملات کو سنبھال سکتے ہیں جو پاکستان کی ملازمت میں موجود یا سابقہ افراد کی شرائط ملازمت، حکومت یا اس کے ملازمین کے افعال بے جا سے پیدا ہونے والے دعوے، اور دشمن کی جائیداد سے متعلق مسائل سے متعلق ہوں۔ </s>,urdu,453
<s>[INST] Who needs to approve the rules of procedure for the Islamic Council? [/INST] The rules of procedure for the Islamic Council need to be approved by the President. </s>,eng,500
<s>[INST] اسلامی کونسل کے قواعد طریق کار کی منظوری کون دیتا ہے؟ [/INST] اسلامی کونسل کے قواعد طریق کار کی منظوری صدر دیتا ہے۔ </s>,urdu,500
<s>[INST] How can the Chief Minister perform his functions under the Constitution? [/INST] The Chief Minister may perform his functions either directly or through the Provincial Ministers. </s>,eng,253
<s>[INST] وزیر اعظم اپنے فرائض دستور کے تحت کیسے انجام دے سکتا ہے؟ [/INST] وزیر اعظم اپنے فرائض بلا واسطہ یا صوبائی وزراء کے ذریعے انجام دے سکتا ہے۔ </s>,urdu,253
<s>[INST] Where are the moneys received by the Supreme Court or any other court deposited? [/INST] The moneys received by or deposited with the Supreme Court or any other court established under the authority of the Federation shall be credited to the Public Account of the Federation. </s>,eng,156
<s>[INST] عدالت عظمیٰ یا کسی دوسری عدالت کو وصول ہونے والی رقوم کہاں جمع کی جاتی ہیں؟ [/INST] عدالت عظمیٰ یا وفاق کے اختیار کے تحت قائم شدہ کسی دوسری عدالت کو وصول ہونے والی یا ان کے پاس جمع کرائی جانے والی رقوم وفاق کے سرکاری حساب میں جمع کی جائیں گی۔ </s>,urdu,156
"<s>[INST] Can the courts question the procedures followed in the Parliament? [/INST] No, the validity of any proceedings in the Parliament shall not be called in question on the ground of any irregularity of procedure. </s>",eng,136
<s>[INST] کیا عدالتیں پارلیمنٹ میں پیروی کیے گئے طریقہ کار پر سوال اٹھا سکتی ہیں؟ [/INST] نہیں، پارلیمنٹ میں کسی بھی کارروائی کی جواز پر ضابطہ کار کی کسی بے قاعدگی کی بناء پر اعتراض نہیں کیا جائے گا۔ </s>,urdu,136
<s>[INST] When does a Bill become law after being presented to the President? [/INST] A Bill becomes law and is called an Act of Majlis-e-Shoora (Parliament) when the President assents to it or is deemed to have assented to it. </s>,eng,151
<s>[INST] بل صدر کو پیش کیے جانے کے بعد کب قانون بنتا ہے؟ [/INST] جب صدر کسی بل کی منظوری دے دیتا ہے یا منظوری دی گئی متصور ہوتی ہے، تو وہ قانون بن جاتا ہے اور مجلس شوریٰ (پارلیمنٹ) کا ایکٹ کہلاتا ہے۔ </s>,urdu,151
"<s>[INST] What happens if no member secures a majority in the first poll for Chief Minister? [/INST] If no member secures a majority in the first poll, a second poll is held between the members who secured the two highest numbers of votes in the first poll, and the member who secures a majority of votes of the members present and voting is declared to have been elected as Chief Minister. </s>",eng,255
<s>[INST] اگر پہلی رائے شماری میں کوئی رکن اکثریت حاصل نہ کر سکے تو کیا ہوتا ہے؟ [/INST] اگر پہلی رائے شماری میں کوئی رکن اکثریت حاصل نہ کر سکے تو، پہلی رائے شماری میں سب سے زیادہ ووٹ حاصل کرنے والے پہلے دو اراکین کے درمیان دوسری رائے شماری کا انعقاد کیا جائے گا اور وہ رکن جو موجودہ اراکین کی اکثریتی رائے دہی حاصل کر لیتا ہے اس کا منتخب وزیر اعلیٰ کے طور پر اعلان کیا جائے گا۔ </s>,urdu,255
"<s>[INST] Can a Provincial Assembly impose taxes on people working in various professions? [/INST] Yes, a Provincial Assembly can impose taxes on people engaged in professions, trades, callings, or employments. </s>",eng,317
<s>[INST] کیا صوبائی اسمبلی مختلف پیشوں میں کام کرنے والے لوگوں پر محصولات عائد کر سکتی ہے؟ [/INST] جی ہاں، صوبائی اسمبلی پیشوں، کاروبار، کسب یا روزگار میں مصروف لوگوں پر محصولات عائد کر سکتی ہے۔ </s>,urdu,317
"<s>[INST] How are decisions made at a joint sitting of the two Houses? [/INST] All decisions at a joint sitting are taken by the votes of the majority of the members present and voting, subject to the Constitution. </s>",eng,143
<s>[INST] دونوں ایوانوں کے مشترکہ اجلاس میں فیصلے کیسے کیے جاتے ہیں؟ [/INST] کسی مشترکہ اجلاس میں تمام فیصلے حاضر اور رائے دینے والے اراکین کی اکثریت کے ووٹوں سے کیے جاتے ہیں، دستور کے تابع۔ </s>,urdu,143
<s>[INST] Who is required to support the Election Commission in their duties? [/INST] All executive authorities in the Federation and in the Provinces are required to assist the Commissioner and the Election Commission in the discharge of their functions. </s>,eng,474
<s>[INST] الیکشن کمیشن کی مدد کرنے کا پابند کون ہے؟ [/INST] وفاق اور صوبوں کے تمام حکامِ عاملہ کمشنر اور الیکشن کمیشن کو ان کے فرائض کی انجام دہی میں مدد دینے کے پابند ہیں۔ </s>,urdu,474
"<s>[INST] Are the taxes imposed by a Provincial Assembly considered as taxes on income? [/INST] No, the taxes imposed by a Provincial Assembly are not regarded as taxes on income. </s>",eng,318
<s>[INST] کیا صوبائی اسمبلی کی طرف سے عائد کردہ محصولات کو آمدنی پر محصولات سمجھا جاتا ہے؟ [/INST] نہیں، صوبائی اسمبلی کی طرف سے عائد کردہ محصولات کو آمدنی پر محصولات نہیں سمجھا جاتا۔ </s>,urdu,318
"<s>[INST] Do the privileges and immunities of the Parliament members apply to others who participate in the proceedings? [/INST] Yes, the provisions apply to persons who have the right to speak in and take part in the proceedings of the Parliament, just as they apply to members. </s>",eng,132
<s>[INST] کیا پارلیمنٹ کے ارکان کے استحقاقات اور تحفظات ان دیگر افراد پر بھی لاگو ہوتے ہیں جو کارروائی میں حصہ لیتے ہیں؟ [/INST] جی ہاں، یہ احکام ان اشخاص پر بھی لاگو ہوتے ہیں جو مجلس شوریٰ (پارلیمنٹ) میں تقریر کرنے اور کارروائی میں حصہ لینے کا حق رکھتے ہیں، جیسے کہ یہ ارکان پر لاگو ہوتے ہیں۔ </s>,urdu,132
